{
    "time": {
        "cpu_time_user": "00:00:00.380",
        "cpu_time_system": "00:00:00.060",
        "runtime": "00:00:00.502",
        "cpu_time_iowait": "00:00:00.000"
    },
    "peak_resources": {
        "cpu_percent": 109.5,
        "memory_rss": "119MiB",
        "memory_vms": "214MiB",
        "threads": 1
    },
    "avg_resources": {
        "cpu_percent": 62.58571428571428,
        "memory_rss": "53MiB",
        "memory_vms": "106MiB",
        "threads": 0.8571428571428571
    }
}