{
    "time": {
        "cpu_time_user": "00:00:00.280",
        "cpu_time_system": "00:00:00.040",
        "runtime": "00:00:00.402",
        "cpu_time_iowait": "00:00:00.000"
    },
    "peak_resources": {
        "cpu_percent": 99.5,
        "memory_rss": "117MiB",
        "memory_vms": "247MiB",
        "threads": 2
    },
    "avg_resources": {
        "cpu_percent": 53.083333333333336,
        "memory_rss": "52MiB",
        "memory_vms": "134MiB",
        "threads": 1.3333333333333333
    }
}