{
    "time": {
        "cpu_time_user": "00:00:01.919",
        "cpu_time_system": "00:00:00.150",
        "runtime": "00:00:02.210",
        "cpu_time_iowait": "00:00:00.000"
    },
    "peak_resources": {
        "cpu_percent": 109.5,
        "memory_rss": "129MiB",
        "memory_vms": "134MiB",
        "threads": 1
    },
    "avg_resources": {
        "cpu_percent": 85.84166666666665,
        "memory_rss": "86MiB",
        "memory_vms": "91MiB",
        "threads": 0.9583333333333334
    }
}