{
    "time": {
        "cpu_time_user": "00:12:08.559",
        "cpu_time_system": "00:00:01.030",
        "runtime": "00:06:56.404",
        "cpu_time_iowait": "00:00:00.000"
    },
    "peak_resources": {
        "cpu_percent": 209.3,
        "memory_rss": "627MiB",
        "memory_vms": "880MiB",
        "threads": 5
    },
    "avg_resources": {
        "cpu_percent": 175.13628681795845,
        "memory_rss": "485MiB",
        "memory_vms": "693MiB",
        "threads": 4.994205697730545
    }
}