{
	"route__net": 2970,
	"route__net__special": 2,
	"route__drc_errors__iter:1": 4005,
	"route__wirelength__iter:1": 108294,
	"route__drc_errors__iter:2": 1510,
	"route__wirelength__iter:2": 106126,
	"route__drc_errors__iter:3": 1511,
	"route__wirelength__iter:3": 105780,
	"route__drc_errors__iter:4": 229,
	"route__wirelength__iter:4": 105727,
	"route__drc_errors__iter:5": 33,
	"route__wirelength__iter:5": 105718,
	"route__drc_errors__iter:6": 0,
	"route__wirelength__iter:6": 105726,
	"route__drc_errors": 0,
	"route__wirelength": 105726,
	"route__vias": 23417,
	"route__vias__singlecut": 23417,
	"route__vias__multicut": 0,
	"flow__warnings__count": 10,
	"flow__errors__count": 0
}