{
    "time": {
        "cpu_time_user": "00:00:00.280",
        "cpu_time_system": "00:00:00.070",
        "runtime": "00:00:00.401",
        "cpu_time_iowait": "00:00:00.000"
    },
    "peak_resources": {
        "cpu_percent": 99.5,
        "memory_rss": "118MiB",
        "memory_vms": "250MiB",
        "threads": 2
    },
    "avg_resources": {
        "cpu_percent": 58.083333333333336,
        "memory_rss": "53MiB",
        "memory_vms": "135MiB",
        "threads": 1.3333333333333333
    }
}