{
    "time": {
        "cpu_time_user": "00:00:02.589",
        "cpu_time_system": "00:00:00.470",
        "runtime": "00:00:03.717",
        "cpu_time_iowait": "00:00:00.000"
    },
    "peak_resources": {
        "cpu_percent": 109.6,
        "memory_rss": "50MiB",
        "memory_vms": "53MiB",
        "threads": 1
    },
    "avg_resources": {
        "cpu_percent": 78.09999999999998,
        "memory_rss": "30MiB",
        "memory_vms": "33MiB",
        "threads": 0.9743589743589743
    }
}