{
    "time": {
        "cpu_time_user": "00:00:00.370",
        "cpu_time_system": "00:00:00.050",
        "runtime": "00:00:00.502",
        "cpu_time_iowait": "00:00:00.000"
    },
    "peak_resources": {
        "cpu_percent": 99.6,
        "memory_rss": "108MiB",
        "memory_vms": "244MiB",
        "threads": 2
    },
    "avg_resources": {
        "cpu_percent": 59.714285714285715,
        "memory_rss": "55MiB",
        "memory_vms": "146MiB",
        "threads": 1.4285714285714286
    }
}