{
    "time": {
        "cpu_time_user": "00:00:01.510",
        "cpu_time_system": "00:00:00.090",
        "runtime": "00:00:01.708",
        "cpu_time_iowait": "00:00:00.000"
    },
    "peak_resources": {
        "cpu_percent": 109.5,
        "memory_rss": "129MiB",
        "memory_vms": "263MiB",
        "threads": 2
    },
    "avg_resources": {
        "cpu_percent": 83.8157894736842,
        "memory_rss": "95MiB",
        "memory_vms": "207MiB",
        "threads": 1.736842105263158
    }
}