{
	"design__max_slew_violation__count__corner:nom_tt_025C_1v80": 942,
	"design__max_fanout_violation__count__corner:nom_tt_025C_1v80": 55,
	"design__max_cap_violation__count__corner:nom_tt_025C_1v80": 1,
	"power__internal__total": 0.000532827,
	"power__switching__total": 0.000205272,
	"power__leakage__total": 1.15778e-08,
	"power__total": 0.00073811,
	"clock__skew__worst_hold__corner:nom_tt_025C_1v80": 0,
	"clock__skew__worst_setup__corner:nom_tt_025C_1v80": 0,
	"timing__hold__ws__corner:nom_tt_025C_1v80": 0.282173,
	"timing__setup__ws__corner:nom_tt_025C_1v80": 71.071,
	"timing__hold__tns__corner:nom_tt_025C_1v80": 0,
	"timing__setup__tns__corner:nom_tt_025C_1v80": 0,
	"timing__hold__wns__corner:nom_tt_025C_1v80": 0,
	"timing__setup__wns__corner:nom_tt_025C_1v80": 0,
	"timing__hold_vio__count__corner:nom_tt_025C_1v80": 0,
	"timing__hold_r2r__ws__corner:nom_tt_025C_1v80": 0.282173,
	"timing__hold_r2r_vio__count__corner:nom_tt_025C_1v80": 0,
	"timing__setup_vio__count__corner:nom_tt_025C_1v80": 0,
	"timing__setup_r2r__ws__corner:nom_tt_025C_1v80": 85.3378,
	"timing__setup_r2r_vio__count__corner:nom_tt_025C_1v80": 0,
	"flow__warnings__count": 0,
	"flow__errors__count": 0
}