{
    "time": {
        "cpu_time_user": "00:00:14.859",
        "cpu_time_system": "00:00:00.100",
        "runtime": "00:00:15.080",
        "cpu_time_iowait": "00:00:00.000"
    },
    "peak_resources": {
        "cpu_percent": 109.5,
        "memory_rss": "255MiB",
        "memory_vms": "261MiB",
        "threads": 1
    },
    "avg_resources": {
        "cpu_percent": 97.90592105263156,
        "memory_rss": "215MiB",
        "memory_vms": "220MiB",
        "threads": 0.993421052631579
    }
}