{
  "//": "Only export pin area in LEF (without any connected nets)",
  "PL_TARGET_DENSITY": 0.8,
  "CLOCK_PERIOD": 100,
  "PL_RESIZER_HOLD_SLACK_MARGIN": 0.1,
  "GLB_RESIZER_HOLD_SLACK_MARGIN": 0.05,
  "RUN_LINTER": 1,
  "LINTER_INCLUDE_PDK_MODELS": 1,
  "CLOCK_PORT": "clk",
  "RUN_KLAYOUT_XOR": 0,
  "RUN_KLAYOUT_DRC": 0,
  "PL_RESIZER_BUFFER_OUTPUT_PORTS": 0,
  "SYNTH_READ_BLACKBOX_LIB": 1,
  "TOP_MARGIN_MULT": 1,
  "BOTTOM_MARGIN_MULT": 1,
  "LEFT_MARGIN_MULT": 6,
  "RIGHT_MARGIN_MULT": 6,
  "FP_SIZING": "absolute",
  "PL_BASIC_PLACEMENT": 0,
  "GRT_ALLOW_CONGESTION": 1,
  "FP_IO_HLENGTH": 2,
  "FP_IO_VLENGTH": 2,
  "FP_PDN_VPITCH": 38.87,
  "DECAP_CELL": [
    "sky130_fd_sc_hd__decap_3",
    "sky130_fd_sc_hd__decap_4",
    "sky130_fd_sc_hd__decap_6",
    "sky130_fd_sc_hd__decap_8",
    "sky130_ef_sc_hd__decap_12"
  ],
  "RUN_CTS": 1,
  "DESIGN_IS_CORE": 0,
  "RT_MAX_LAYER": "met4",
  "MAGIC_DEF_LABELS": 0,
  "MAGIC_WRITE_LEF_PINONLY": 1,
  "DESIGN_NAME": "tt_um_CPU_Lemme",
  "VERILOG_FILES": [
    "dir::project.v"
  ],
  "DIE_AREA": "0 0 334.88 225.76",
  "FP_DEF_TEMPLATE": "dir::../tt/def/tt_block_2x2_pg.def"
}