{
    "time": {
        "cpu_time_user": "00:00:00.450",
        "cpu_time_system": "00:00:00.110",
        "runtime": "00:00:00.703",
        "cpu_time_iowait": "00:00:00.000"
    },
    "peak_resources": {
        "cpu_percent": 99.6,
        "memory_rss": "125MiB",
        "memory_vms": "253MiB",
        "threads": 2
    },
    "avg_resources": {
        "cpu_percent": 61.96666666666667,
        "memory_rss": "63MiB",
        "memory_vms": "167MiB",
        "threads": 1.4444444444444444
    }
}