{
    "time": {
        "cpu_time_user": "00:00:00.550",
        "cpu_time_system": "00:00:00.050",
        "runtime": "00:00:00.703",
        "cpu_time_iowait": "00:00:00.000"
    },
    "peak_resources": {
        "cpu_percent": 99.6,
        "memory_rss": "132MiB",
        "memory_vms": "267MiB",
        "threads": 2
    },
    "avg_resources": {
        "cpu_percent": 66.35555555555555,
        "memory_rss": "60MiB",
        "memory_vms": "146MiB",
        "threads": 1.4444444444444444
    }
}