{
    "nl": "/home/runner/work/Verilog-CPU/Verilog-CPU/runs/wokwi/06-yosys-synthesis/tt_um_CPU_Lemme.nl.v",
    "pnl": null,
    "pnl-sdf-friendly": null,
    "pnl-npc": null,
    "def": null,
    "lef": null,
    "openroad-lef": null,
    "odb": null,
    "sdc": null,
    "sdf": null,
    "spef": null,
    "lib": null,
    "spice": null,
    "mag": null,
    "gds": null,
    "mag_gds": null,
    "klayout_gds": null,
    "json_h": "/home/runner/work/Verilog-CPU/Verilog-CPU/runs/wokwi/05-yosys-jsonheader/tt_um_CPU_Lemme.h.json",
    "vh": null,
    "metrics": {
        "design__lint_error__count": 0,
        "design__lint_timing_construct__count": 0,
        "design__lint_warning__count": 0,
        "design__inferred_latch__count": 0,
        "design__instance__count": 2169,
        "design__instance__area": 27009.6544,
        "design__instance_unmapped__count": 0,
        "synthesis__check_error__count": 0
    }
}