{
    "time": {
        "cpu_time_user": "00:00:02.200",
        "cpu_time_system": "00:00:00.090",
        "runtime": "00:00:07.248",
        "cpu_time_iowait": "00:00:00.000"
    },
    "peak_resources": {
        "cpu_percent": 109.5,
        "memory_rss": "63MiB",
        "memory_vms": "90MiB",
        "threads": 1
    },
    "avg_resources": {
        "cpu_percent": 30.717567567567574,
        "memory_rss": "57MiB",
        "memory_vms": "82MiB",
        "threads": 0.9864864864864865
    }
}