{
    "time": {
        "cpu_time_user": "00:00:03.109",
        "cpu_time_system": "00:00:00.080",
        "runtime": "00:00:03.216",
        "cpu_time_iowait": "00:00:00.000"
    },
    "peak_resources": {
        "cpu_percent": 109.4,
        "memory_rss": "170MiB",
        "memory_vms": "303MiB",
        "threads": 2
    },
    "avg_resources": {
        "cpu_percent": 93.3588235294118,
        "memory_rss": "127MiB",
        "memory_vms": "252MiB",
        "threads": 1.8823529411764706
    }
}