{
	"design__instance__count__setup_buffer": 0,
	"design__instance__count__hold_buffer": 552,
	"design__instance__displacement__total": 20155.1,
	"design__instance__displacement__mean": 4.856,
	"design__instance__displacement__max": 81.1,
	"route__wirelength__estimated": 85800.4,
	"design__violations": 0,
	"design__io": 45,
	"design__die__area": 75602.5,
	"design__core__area": 72564.6,
	"design__instance__count": 3988,
	"design__instance__area": 33771.1,
	"design__instance__count__stdcell": 3988,
	"design__instance__area__stdcell": 33771.1,
	"design__instance__count__macros": 0,
	"design__instance__area__macros": 0,
	"design__instance__utilization": 0.465394,
	"design__instance__utilization__stdcell": 0.465394,
	"flow__warnings__count": 33696,
	"flow__errors__count": 0
}