{
    "time": {
        "cpu_time_user": "00:00:02.370",
        "cpu_time_system": "00:00:00.110",
        "runtime": "00:00:02.613",
        "cpu_time_iowait": "00:00:00.000"
    },
    "peak_resources": {
        "cpu_percent": 109.5,
        "memory_rss": "226MiB",
        "memory_vms": "231MiB",
        "threads": 1
    },
    "avg_resources": {
        "cpu_percent": 88.11785714285716,
        "memory_rss": "106MiB",
        "memory_vms": "111MiB",
        "threads": 0.9642857142857143
    }
}