{
    "time": {
        "cpu_time_user": "00:00:09.419",
        "cpu_time_system": "00:00:00.480",
        "runtime": "00:00:09.972",
        "cpu_time_iowait": "00:00:00.000"
    },
    "peak_resources": {
        "cpu_percent": 109.5,
        "memory_rss": "191MiB",
        "memory_vms": "327MiB",
        "threads": 2
    },
    "avg_resources": {
        "cpu_percent": 97.31287128712873,
        "memory_rss": "160MiB",
        "memory_vms": "292MiB",
        "threads": 1.9603960396039604
    }
}