{
    "time": {
        "cpu_time_user": "00:00:01.600",
        "cpu_time_system": "00:00:00.220",
        "runtime": "00:00:01.909",
        "cpu_time_iowait": "00:00:00.000"
    },
    "peak_resources": {
        "cpu_percent": 109.5,
        "memory_rss": "36MiB",
        "memory_vms": "39MiB",
        "threads": 1
    },
    "avg_resources": {
        "cpu_percent": 86.25714285714285,
        "memory_rss": "23MiB",
        "memory_vms": "26MiB",
        "threads": 0.9523809523809523
    }
}