{
    "nl": "/home/runner/work/Verilog-CPU/Verilog-CPU/runs/wokwi/06-yosys-synthesis/tt_um_CPU_Lemme.nl.v",
    "pnl": null,
    "pnl-sdf-friendly": null,
    "pnl-npc": null,
    "def": null,
    "lef": null,
    "openroad-lef": null,
    "odb": null,
    "sdc": null,
    "sdf": {
        "nom_tt_025C_1v80": "/home/runner/work/Verilog-CPU/Verilog-CPU/runs/wokwi/11-openroad-staprepnr/nom_tt_025C_1v80/tt_um_CPU_Lemme__nom_tt_025C_1v80.sdf",
        "nom_ss_100C_1v60": "/home/runner/work/Verilog-CPU/Verilog-CPU/runs/wokwi/11-openroad-staprepnr/nom_ss_100C_1v60/tt_um_CPU_Lemme__nom_ss_100C_1v60.sdf",
        "nom_ff_n40C_1v95": "/home/runner/work/Verilog-CPU/Verilog-CPU/runs/wokwi/11-openroad-staprepnr/nom_ff_n40C_1v95/tt_um_CPU_Lemme__nom_ff_n40C_1v95.sdf"
    },
    "spef": null,
    "lib": null,
    "spice": null,
    "mag": null,
    "gds": null,
    "mag_gds": null,
    "klayout_gds": null,
    "json_h": "/home/runner/work/Verilog-CPU/Verilog-CPU/runs/wokwi/05-yosys-jsonheader/tt_um_CPU_Lemme.h.json",
    "vh": null,
    "metrics": {
        "design__lint_error__count": 0,
        "design__lint_timing_construct__count": 0,
        "design__lint_warning__count": 0,
        "design__inferred_latch__count": 0,
        "design__instance__count": 2169,
        "design__instance__area": 27009.6544,
        "design__instance_unmapped__count": 0,
        "synthesis__check_error__count": 0,
        "design__max_slew_violation__count__corner:nom_tt_025C_1v80": 115,
        "design__max_fanout_violation__count__corner:nom_tt_025C_1v80": 54,
        "design__max_cap_violation__count__corner:nom_tt_025C_1v80": 0,
        "power__internal__total": 0.0005763711524195969,
        "power__switching__total": 0.0002111619833158329,
        "power__leakage__total": 2.361767137415427e-08,
        "power__total": 0.0007875567534938455,
        "clock__skew__worst_hold__corner:nom_tt_025C_1v80": 0.0,
        "clock__skew__worst_setup__corner:nom_tt_025C_1v80": 0.0,
        "timing__hold__ws__corner:nom_tt_025C_1v80": 0.176393,
        "timing__setup__ws__corner:nom_tt_025C_1v80": 75.298431,
        "timing__hold__tns__corner:nom_tt_025C_1v80": 0.0,
        "timing__setup__tns__corner:nom_tt_025C_1v80": 0.0,
        "timing__hold__wns__corner:nom_tt_025C_1v80": 0.0,
        "timing__setup__wns__corner:nom_tt_025C_1v80": 0.0,
        "timing__hold_vio__count__corner:nom_tt_025C_1v80": 0,
        "timing__hold_r2r__ws__corner:nom_tt_025C_1v80": 0.176393,
        "timing__hold_r2r_vio__count__corner:nom_tt_025C_1v80": 0,
        "timing__setup_vio__count__corner:nom_tt_025C_1v80": 0,
        "timing__setup_r2r__ws__corner:nom_tt_025C_1v80": 86.599747,
        "timing__setup_r2r_vio__count__corner:nom_tt_025C_1v80": 0,
        "design__max_slew_violation__count__corner:nom_ss_100C_1v60": 443,
        "design__max_fanout_violation__count__corner:nom_ss_100C_1v60": 54,
        "design__max_cap_violation__count__corner:nom_ss_100C_1v60": 0,
        "clock__skew__worst_hold__corner:nom_ss_100C_1v60": 0.0,
        "clock__skew__worst_setup__corner:nom_ss_100C_1v60": 0.0,
        "timing__hold__ws__corner:nom_ss_100C_1v60": 0.580591,
        "timing__setup__ws__corner:nom_ss_100C_1v60": 70.691757,
        "timing__hold__tns__corner:nom_ss_100C_1v60": 0.0,
        "timing__setup__tns__corner:nom_ss_100C_1v60": 0.0,
        "timing__hold__wns__corner:nom_ss_100C_1v60": 0.0,
        "timing__setup__wns__corner:nom_ss_100C_1v60": 0.0,
        "timing__hold_vio__count__corner:nom_ss_100C_1v60": 0,
        "timing__hold_r2r__ws__corner:nom_ss_100C_1v60": 0.580591,
        "timing__hold_r2r_vio__count__corner:nom_ss_100C_1v60": 0,
        "timing__setup_vio__count__corner:nom_ss_100C_1v60": 0,
        "timing__setup_r2r__ws__corner:nom_ss_100C_1v60": 72.923286,
        "timing__setup_r2r_vio__count__corner:nom_ss_100C_1v60": 0,
        "design__max_slew_violation__count__corner:nom_ff_n40C_1v95": 0,
        "design__max_fanout_violation__count__corner:nom_ff_n40C_1v95": 54,
        "design__max_cap_violation__count__corner:nom_ff_n40C_1v95": 0,
        "clock__skew__worst_hold__corner:nom_ff_n40C_1v95": 0.0,
        "clock__skew__worst_setup__corner:nom_ff_n40C_1v95": 0.0,
        "timing__hold__ws__corner:nom_ff_n40C_1v95": 0.027319,
        "timing__setup__ws__corner:nom_ff_n40C_1v95": 77.037453,
        "timing__hold__tns__corner:nom_ff_n40C_1v95": 0.0,
        "timing__setup__tns__corner:nom_ff_n40C_1v95": 0.0,
        "timing__hold__wns__corner:nom_ff_n40C_1v95": 0.0,
        "timing__setup__wns__corner:nom_ff_n40C_1v95": 0.0,
        "timing__hold_vio__count__corner:nom_ff_n40C_1v95": 0,
        "timing__hold_r2r__ws__corner:nom_ff_n40C_1v95": 0.027319,
        "timing__hold_r2r_vio__count__corner:nom_ff_n40C_1v95": 0,
        "timing__setup_vio__count__corner:nom_ff_n40C_1v95": 0,
        "timing__setup_r2r__ws__corner:nom_ff_n40C_1v95": 91.814308,
        "timing__setup_r2r_vio__count__corner:nom_ff_n40C_1v95": 0,
        "design__max_slew_violation__count": 443,
        "design__max_fanout_violation__count": 54,
        "design__max_cap_violation__count": 0,
        "clock__skew__worst_hold": 0.0,
        "clock__skew__worst_setup": 0.0,
        "timing__hold__ws": 0.027319,
        "timing__setup__ws": 70.691757,
        "timing__hold__tns": 0.0,
        "timing__setup__tns": 0.0,
        "timing__hold__wns": 0.0,
        "timing__setup__wns": 0.0,
        "timing__hold_vio__count": 0,
        "timing__hold_r2r__ws": 0.027319,
        "timing__hold_r2r_vio__count": 0,
        "timing__setup_vio__count": 0,
        "timing__setup_r2r__ws": 72.923286,
        "timing__setup_r2r_vio__count": 0
    }
}