{
    "time": {
        "cpu_time_user": "00:00:02.810",
        "cpu_time_system": "00:00:00.060",
        "runtime": "00:00:02.915",
        "cpu_time_iowait": "00:00:00.000"
    },
    "peak_resources": {
        "cpu_percent": 109.4,
        "memory_rss": "198MiB",
        "memory_vms": "333MiB",
        "threads": 2
    },
    "avg_resources": {
        "cpu_percent": 92.1032258064516,
        "memory_rss": "133MiB",
        "memory_vms": "259MiB",
        "threads": 1.8709677419354838
    }
}