{
    "time": {
        "cpu_time_user": "00:00:00.540",
        "cpu_time_system": "00:00:00.070",
        "runtime": "00:00:00.703",
        "cpu_time_iowait": "00:00:00.000"
    },
    "peak_resources": {
        "cpu_percent": 109.4,
        "memory_rss": "139MiB",
        "memory_vms": "275MiB",
        "threads": 2
    },
    "avg_resources": {
        "cpu_percent": 67.43333333333334,
        "memory_rss": "75MiB",
        "memory_vms": "174MiB",
        "threads": 1.5555555555555556
    }
}