{
    "time": {
        "cpu_time_user": "00:00:01.879",
        "cpu_time_system": "00:00:00.050",
        "runtime": "00:00:02.117",
        "cpu_time_iowait": "00:00:00.000"
    },
    "peak_resources": {
        "cpu_percent": 109.6,
        "memory_rss": "113MiB",
        "memory_vms": "255MiB",
        "threads": 2
    },
    "avg_resources": {
        "cpu_percent": 83.43478260869567,
        "memory_rss": "91MiB",
        "memory_vms": "211MiB",
        "threads": 1.826086956521739
    }
}