{
    "time": {
        "cpu_time_user": "00:00:01.129",
        "cpu_time_system": "00:00:00.030",
        "runtime": "00:00:01.205",
        "cpu_time_iowait": "00:00:00.000"
    },
    "peak_resources": {
        "cpu_percent": 99.6,
        "memory_rss": "111MiB",
        "memory_vms": "256MiB",
        "threads": 2
    },
    "avg_resources": {
        "cpu_percent": 82.47857142857144,
        "memory_rss": "81MiB",
        "memory_vms": "197MiB",
        "threads": 1.7142857142857142
    }
}