{
    "time": {
        "cpu_time_user": "00:00:06.700",
        "cpu_time_system": "00:00:00.040",
        "runtime": "00:00:07.075",
        "cpu_time_iowait": "00:00:00.000"
    },
    "peak_resources": {
        "cpu_percent": 109.4,
        "memory_rss": "163MiB",
        "memory_vms": "295MiB",
        "threads": 2
    },
    "avg_resources": {
        "cpu_percent": 92.66944444444442,
        "memory_rss": "140MiB",
        "memory_vms": "269MiB",
        "threads": 1.9444444444444444
    }
}