{
	"design__max_slew_violation__count__corner:nom_tt_025C_1v80": 0,
	"design__max_fanout_violation__count__corner:nom_tt_025C_1v80": 25,
	"design__max_cap_violation__count__corner:nom_tt_025C_1v80": 0,
	"power__internal__total": 0.000515852,
	"power__switching__total": 0.000223818,
	"power__leakage__total": 1.60198e-08,
	"power__total": 0.000739686,
	"clock__skew__worst_hold__corner:nom_tt_025C_1v80": 0.027512,
	"clock__skew__worst_setup__corner:nom_tt_025C_1v80": 0.027512,
	"timing__hold__ws__corner:nom_tt_025C_1v80": 0.300094,
	"timing__setup__ws__corner:nom_tt_025C_1v80": 74.4865,
	"timing__hold__tns__corner:nom_tt_025C_1v80": 0,
	"timing__setup__tns__corner:nom_tt_025C_1v80": 0,
	"timing__hold__wns__corner:nom_tt_025C_1v80": 0,
	"timing__setup__wns__corner:nom_tt_025C_1v80": 0,
	"timing__hold_vio__count__corner:nom_tt_025C_1v80": 0,
	"timing__hold_r2r__ws__corner:nom_tt_025C_1v80": 0.300094,
	"timing__hold_r2r_vio__count__corner:nom_tt_025C_1v80": 0,
	"timing__setup_vio__count__corner:nom_tt_025C_1v80": 0,
	"timing__setup_r2r__ws__corner:nom_tt_025C_1v80": 86.5624,
	"timing__setup_r2r_vio__count__corner:nom_tt_025C_1v80": 0,
	"flow__warnings__count": 0,
	"flow__errors__count": 0
}