{
    "time": {
        "cpu_time_user": "00:00:01.950",
        "cpu_time_system": "00:00:00.040",
        "runtime": "00:00:02.011",
        "cpu_time_iowait": "00:00:00.000"
    },
    "peak_resources": {
        "cpu_percent": 109.5,
        "memory_rss": "113MiB",
        "memory_vms": "255MiB",
        "threads": 2
    },
    "avg_resources": {
        "cpu_percent": 89.93181818181819,
        "memory_rss": "90MiB",
        "memory_vms": "214MiB",
        "threads": 1.8181818181818181
    }
}