{
    "time": {
        "cpu_time_user": "00:00:00.310",
        "cpu_time_system": "00:00:00.050",
        "runtime": "00:00:00.402",
        "cpu_time_iowait": "00:00:00.000"
    },
    "peak_resources": {
        "cpu_percent": 99.5,
        "memory_rss": "118MiB",
        "memory_vms": "250MiB",
        "threads": 2
    },
    "avg_resources": {
        "cpu_percent": 59.71666666666667,
        "memory_rss": "53MiB",
        "memory_vms": "135MiB",
        "threads": 1.3333333333333333
    }
}