net,length_um
net23,422.23µm
_0813_,421.65µm
_0803_,418.88µm
_0886_,416.45µm
clknet_1_1__leaf_clk,414.94µm
_0883_,393.76µm
_0729_,388.53µm
clknet_1_0__leaf_clk,373.5µm
_0438_,349.005µm
cpu_instance.OR.memory\[20\]\[4\],332.64µm
_0807_,332.38µm
_0887_,328.03µm
net199,322.1µm
cpu_instance.ir.program_counter\[4\],319.82µm
net88,309.89µm
net16,304.595µm
net223,283.875µm
net9,278.12µm
_0470_,276.225µm
_0840_,273.58µm
_0881_,271.07µm
net187,259.27µm
net13,258.75µm
net12,258.11µm
_0486_,250.445µm
net111,245.53µm
net127,244.185µm
net181,243.66µm
net163,242.76µm
_0810_,239.61µm
_0649_,239.38µm
_0994_,238.27µm
net28,237.43µm
net91,235.32µm
net138,234.47µm
net95,232.31µm
net116,231.19µm
net180,230.55µm
_0558_,229.55µm
net101,227.17µm
_0976_,226.91µm
net182,225.32µm
clknet_leaf_8_clk,224.77µm
net205,224.2µm
net108,222.23µm
net67,221.535µm
net85,221.28µm
_0875_,220.02µm
net27,219.48µm
net76,219µm
net94,218.77µm
_0499_,218.66µm
clknet_leaf_0_clk,218.04µm
clknet_leaf_7_clk,217.35µm
net40,215.74µm
net1,215.06µm
net8,211.57µm
net113,209.81µm
net100,207.92µm
clknet_leaf_13_clk,205.64µm
net119,204.16µm
net168,203.76µm
net46,202.66µm
net30,201.5µm
net129,201.12µm
clknet_leaf_14_clk,201.08µm
net114,199.55µm
_1058_,198.37µm
net65,197.09µm
net263,196.84µm
net107,195.62µm
net14,195.56µm
net3,194.52µm
net64,192.32µm
net25,191.93µm
net126,191.15µm
net15,190.03µm
net93,187.32µm
net82,186.24µm
clknet_leaf_16_clk,186.175µm
net109,186.11µm
_1295_,185.12µm
net39,184.95µm
clknet_leaf_18_clk,184.88µm
net4,184.41µm
_1547_,184.2µm
net37,183.845µm
net229,183.35µm
net102,182.79µm
net121,182.625µm
net81,182.55µm
net169,182.28µm
net63,181.96µm
net71,181.79µm
net47,181.49µm
net55,180.96µm
net141,180.94µm
_1015_,180.33µm
clknet_leaf_10_clk,178.56µm
net83,178.54µm
net147,178.38µm
net175,177.94µm
net135,177.9µm
clknet_leaf_21_clk,177.34µm
clknet_leaf_1_clk,177.05µm
clknet_leaf_12_clk,176.64µm
clknet_leaf_17_clk,176.14µm
net52,175.03µm
clknet_leaf_9_clk,174.98µm
net142,174.35µm
net92,174.26µm
_0566_,174.23µm
net125,173.97µm
clknet_leaf_23_clk,173.64µm
_0390_,173.425µm
net106,172.59µm
clknet_leaf_15_clk,172.32µm
net112,171.87µm
cpu_instance.ir.program_counter\[1\],171.845µm
net29,171.82µm
net5,171.5µm
net77,171.01µm
clknet_leaf_2_clk,170.56µm
net10,170.54µm
clknet_leaf_3_clk,168.825µm
net179,168.51µm
net87,168.25µm
net70,166.4µm
clknet_leaf_19_clk,166.18µm
net21,164.905µm
clknet_leaf_20_clk,163.02µm
net11,162.43µm
net79,161.89µm
net2,161.73µm
net99,161.7µm
net68,161.54µm
net159,161.13µm
_1530_,160.715µm
net115,160.64µm
net31,160.12µm
_1529_,159.78µm
net105,159.36µm
net26,159.305µm
net57,159.11µm
net110,158.73µm
net38,158.48µm
_1491_,158.19µm
clknet_leaf_6_clk,157.75µm
net86,157.2µm
_1533_,156.76µm
net178,156.56µm
net80,156.47µm
_0726_,156.26µm
_1531_,155.89µm
net188,155.86µm
net75,155.555µm
clknet_leaf_4_clk,155.29µm
net103,155.13µm
net6,154.74µm
_1528_,154.67µm
net35,154.12µm
_1077_,154.05µm
clknet_0_clk,153.45µm
_0952_,153.07µm
net130,152.64µm
_1550_,152.38µm
net74,152.04µm
_1543_,152.01µm
_1076_,151.99µm
_1553_,151.7µm
_1494_,151.62µm
_1546_,151.41µm
net61,151.405µm
net51,151.12µm
net20,150.56µm
net60,150.25µm
net96,150.075µm
net62,150.05µm
_1545_,149.99µm
_1059_,149.28µm
net158,149.22µm
_0794_,149.06µm
_1541_,148.41µm
net59,148.38µm
clknet_leaf_5_clk,148.15µm
net48,147.92µm
_1534_,147.4µm
net32,146.85µm
net18,146.835µm
net124,146.645µm
net69,146.415µm
net170,145.96µm
_1526_,145.07µm
_1548_,144.91µm
_1039_,143.77µm
cpu_instance.alu.math_unit.adder.fa7.a,143.48µm
net78,142.195µm
net24,142.045µm
net122,141.85µm
net204,141.48µm
net44,141.465µm
_1524_,141.12µm
_1523_,140.36µm
net165,140.22µm
_0493_,140.195µm
net166,140.18µm
_1564_,140.04µm
net144,139.83µm
net331,139.64µm
cpu_instance.ir.program_counter\[2\],139.29µm
cpu_instance.OR.memory\[23\]\[4\],139.14µm
net184,138.36µm
net174,137.02µm
_0618_,137µm
net176,136.18µm
net177,135.44µm
_1511_,135.41µm
net314,134.96µm
net22,134.46µm
net72,134.34µm
net137,134.08µm
net89,133.7µm
_0463_,133.505µm
net153,133.14µm
net34,132.22µm
net150,132.14µm
net56,132.03µm
_1488_,131.74µm
net98,131.64µm
_1532_,131.22µm
_0771_,130.06µm
_1016_,129.76µm
net134,129.15µm
net54,129.14µm
_1537_,129.12µm
net183,129µm
net90,128.89µm
_0616_,128.86µm
_1539_,128.86µm
clknet_leaf_22_clk,128.66µm
net148,128.43µm
net160,128.32µm
_0937_,127.98µm
net185,127.61µm
_1503_,127.02µm
net123,126.82µm
net73,126.57µm
net128,126.49µm
_1512_,126.36µm
net162,125.92µm
_0868_,125.39µm
net156,125.31µm
_1540_,124.87µm
net131,124.61µm
_1519_,124.005µm
net132,123.97µm
net58,123.83µm
net337,123.2µm
net66,122.66µm
_1513_,122.06µm
net149,122µm
_0957_,121.52µm
_1542_,119.88µm
net118,119.74µm
_1510_,119.385µm
_0577_,119.35µm
_1010_,119.01µm
_0590_,118.95µm
_0429_,118.765µm
_0571_,118.49µm
_1497_,118.34µm
net186,118.28µm
net19,117.79µm
net161,117.61µm
_1506_,117.36µm
_0645_,117.14µm
net33,117.08µm
_1516_,115.95µm
net84,115.7µm
net139,114.88µm
net133,114.5µm
net145,114.02µm
_0721_,113.38µm
_0431_,112.345µm
net104,112.33µm
_1509_,111.48µm
net45,111.29µm
net173,111.18µm
_1286_,110.915µm
net143,110.74µm
_0773_,110.4µm
net120,110.29µm
_1502_,110.06µm
net50,109.43µm
net157,109.08µm
net41,108.48µm
net154,108µm
_1001_,107.35µm
_1504_,106.66µm
net167,106.33µm
_1552_,105.94µm
net152,105.79µm
_0559_,105.535µm
_0958_,105.53µm
_0779_,105.1µm
net283,104.48µm
_0670_,104.34µm
_1549_,104.26µm
_1518_,103.815µm
net164,103.74µm
net53,103.2µm
_1024_,102.955µm
_1521_,101.88µm
net136,101.4µm
_1500_,101.1µm
cpu_instance.OR.memory\[23\]\[5\],100.74µm
_0387_,100.525µm
_0971_,100.34µm
_0388_,100.24µm
_1483_,99.23µm
_1038_,99.17µm
_0430_,98.845µm
_1033_,98.7µm
net155,97.98µm
_0793_,96.47µm
_0923_,96.19µm
cpu_instance.OR.memory\[20\]\[5\],96.12µm
net49,95.895µm
_0561_,95.63µm
cpu_instance.alu.math_unit.adder.fa4.a,95.32µm
_0447_,95.22µm
_1525_,95.16µm
_1551_,95.07µm
_0799_,94.93µm
_1514_,94.9µm
_0785_,94.62µm
_0397_,94.085µm
_1482_,94.02µm
cpu_instance.OR.memory\[23\]\[3\],93.88µm
net7,93.6µm
net195,93.48µm
_0432_,93.22µm
net42,93.11µm
_1554_,92.72µm
_0822_,92.64µm
_1489_,91.98µm
_0783_,91.94µm
net200,91.7µm
_0701_,91.62µm
_0636_,91.28µm
cpu_instance.alu.math_unit.adder.fa6.a,90.32µm
_0520_,90.305µm
_1287_,90.09µm
_0570_,89.98µm
_1145_,89.4µm
_0767_,89.17µm
_0790_,88.58µm
_0417_,88.56µm
net36,88.56µm
_0487_,88.265µm
clk,87.79µm
net319,87.7µm
_1499_,87.44µm
net264,87.22µm
_0399_,86.82µm
_0884_,86.8µm
_1507_,86.64µm
_1536_,86.38µm
net219,85.68µm
ui_in[5],85.55µm
cpu_instance.OR.memory\[19\]\[1\],85µm
_0459_,84.935µm
_0386_,84.795µm
_0671_,84.56µm
_0471_,84.18µm
_0479_,84.025µm
_0993_,83.19µm
_0691_,82.86µm
_0723_,82.86µm
_0467_,82.785µm
_1559_,82.77µm
_0680_,82.74µm
net191,82.52µm
_0418_,82.305µm
_0648_,82.28µm
_0776_,82.02µm
_0483_,81.785µm
net196,81.77µm
_0596_,81.34µm
_1566_,81.05µm
net324,80.84µm
net322,80.4µm
_0725_,80.12µm
_0932_,78.62µm
_0513_,78.485µm
_1486_,77.91µm
_0454_,77.78µm
_0440_,76.75µm
_0475_,76.32µm
net270,75.84µm
uo_out[7],75.69µm
net221,75.48µm
_0759_,75.12µm
net201,74.97µm
net249,74.88µm
net192,74.68µm
net247,74.12µm
_0795_,73.905µm
net273,73.58µm
_0584_,73.33µm
_0568_,73.3µm
cpu_instance.OR.memory\[25\]\[6\],73.3µm
_0521_,72.605µm
cpu_instance.OR.memory\[18\]\[1\],72.46µm
net97,72.24µm
_0452_,72.22µm
net284,72.21µm
cpu_instance.OR.memory\[24\]\[6\],71.86µm
net274,71.6µm
_0456_,71.565µm
_0512_,71.385µm
_0419_,71.225µm
_1240_,71.14µm
net275,70.41µm
net198,70.24µm
_0435_,70.205µm
uio_oe[0],70.15µm
net211,70.04µm
_0455_,69.94µm
_0410_,69.87µm
_0489_,69.765µm
net237,69.64µm
_0519_,69.625µm
cpu_instance.OR.memory\[16\]\[5\],69.34µm
_0505_,69.32µm
_0473_,69.105µm
_1043_,69.06µm
_0715_,68.9µm
_0644_,68.76µm
_0755_,68.4µm
_1492_,67.96µm
net172,67.82µm
clknet_leaf_11_clk,67.675µm
_0642_,67.56µm
net190,67.22µm
_1089_,67.14µm
cpu_instance.OR.memory\[21\]\[6\],66.98µm
net254,66.92µm
_0495_,66.725µm
net257,66.72µm
net226,66.61µm
net232,66.08µm
cpu_instance.OR.memory\[27\]\[3\],66µm
_0427_,65.745µm
net193,65.72µm
cpu_instance.alu.math_unit.adder.fa1.a,65.7µm
net151,65.52µm
cpu_instance.OR.memory\[22\]\[5\],65.48µm
cpu_instance.OR.memory\[17\]\[5\],65.42µm
_0878_,65.02µm
_0477_,64.925µm
_0897_,64.74µm
cpu_instance.OR.memory\[22\]\[3\],64.68µm
cpu_instance.ir.instructions\[14\]\[7\],64.52µm
net214,64.38µm
net332,64µm
_0503_,63.845µm
_0770_,63.8µm
net285,63.76µm
net117,63.64µm
cpu_instance.OR.memory\[20\]\[6\],63.12µm
_0464_,63.055µm
cpu_instance.OR.memory\[26\]\[3\],62.8µm
net305,62.62µm
_1066_,62.44µm
net269,62.39µm
uio_out[4],61.51µm
cpu_instance.OR.memory\[28\]\[5\],61.43µm
net278,61.38µm
cpu_instance.OR.memory\[31\]\[5\],61.21µm
net301,61.17µm
net317,61.06µm
_0862_,61µm
net209,60.82µm
_1381_,60.39µm
net222,60.22µm
net282,60.17µm
cpu_instance.OR.memory\[24\]\[5\],59.7µm
_0384_,59.485µm
_1505_,59.42µm
net265,59.29µm
_0851_,59.28µm
_0504_,59.085µm
_0478_,59.075µm
net289,58.98µm
uo_out[0],58.39µm
net261,58.28µm
_0462_,58.225µm
_0511_,58.21µm
net309,58.06µm
cpu_instance.OR.memory\[20\]\[3\],57.82µm
_1119_,57.56µm
_0870_,57.52µm
net343,56.9µm
_1562_,56.78µm
cpu_instance.alu.math_unit.adder.fa0.a,56.7µm
cpu_instance.OR.memory\[27\]\[5\],56.36µm
cpu_instance.OR.memory\[18\]\[3\],56.28µm
net202,55.84µm
_1289_,55.68µm
cpu_instance.OR.memory\[16\]\[6\],55.53µm
uio_in[5],55.41µm
_0696_,55.38µm
net206,55.36µm
_0598_,55.04µm
net276,54.92µm
_0882_,54.76µm
_0885_,54.72µm
_1508_,54.4µm
_1392_,54.36µm
net318,54.36µm
net17,53.98µm
net146,53.765µm
_0518_,53.605µm
_0485_,53.475µm
net245,53.34µm
_0728_,53.11µm
_0437_,53.005µm
_0863_,53µm
cpu_instance.OR.memory\[19\]\[6\],52.88µm
_0879_,52.83µm
_0999_,52.275µm
_0833_,52.11µm
_0416_,52.065µm
net171,51.91µm
_1501_,51.88µm
cpu_instance.OR.memory\[25\]\[3\],51.82µm
net268,51.74µm
cpu_instance.OR.memory\[19\]\[3\],51.72µm
net298,51.63µm
cpu_instance.OR.memory\[12\]\[4\],51.5µm
net197,51.495µm
cpu_instance.OR.memory\[24\]\[3\],51.44µm
_0760_,51.14µm
net213,50.74µm
_1022_,50.725µm
_0761_,50.44µm
_0494_,50.025µm
_0522_,49.885µm
_0461_,49.585µm
_1571_,49.42µm
cpu_instance.alu.math_unit.adder.fa3.a,49.36µm
_0509_,49.345µm
_0453_,49.305µm
_0451_,49.085µm
_0853_,49.08µm
uo_out[3],48.99µm
net267,48.78µm
_0772_,48.64µm
net238,48.6µm
_0400_,48.535µm
net210,48.52µm
net43,48.34µm
_1148_,48.26µm
cpu_instance.OR.memory\[20\]\[7\],48.21µm
net246,48.14µm
cpu_instance.OR.memory\[28\]\[4\],48.08µm
net295,48.06µm
_0860_,47.98µm
_0854_,47.86µm
_0874_,47.76µm
_0753_,47.34µm
_0669_,47.16µm
_0595_,47.14µm
_1098_,47.05µm
_1496_,47.04µm
_0754_,47µm
_0409_,46.92µm
net140,46.34µm
_0490_,46.325µm
_1555_,46.18µm
_0784_,46.16µm
_1487_,45.7µm
cpu_instance.dr.memory\[13\]\[7\],45.7µm
_0439_,45.58µm
_1273_,45.52µm
_1284_,45.48µm
_0880_,45.44µm
_0802_,45.22µm
net259,45.08µm
cpu_instance.OR.memory\[28\]\[3\],44.98µm
_0824_,44.83µm
_1053_,44.58µm
_1037_,44.22µm
cpu_instance.ir.instructions\[3\]\[2\],43.98µm
net316,43.84µm
cpu_instance.ir.instructions\[18\]\[7\],43.76µm
net224,43.72µm
uio_oe[4],43.69µm
_0517_,43.665µm
_1430_,43.53µm
net233,43.52µm
_0646_,43.48µm
net239,43.32µm
net281,43.32µm
_0619_,43.21µm
cpu_instance.ir.instructions\[9\]\[1\],43.115µm
cpu_instance.dr.memory\[4\]\[4\],43.1µm
_0492_,42.665µm
_0389_,42.64µm
net355,42.62µm
_0980_,42.6µm
cpu_instance.ir.instructions\[3\]\[7\],42.44µm
cpu_instance.ir.instructions\[15\]\[5\],42.39µm
cpu_instance.ir.instructions\[13\]\[1\],42.25µm
_0943_,42.2µm
_0856_,42.12µm
_0893_,42.06µm
_1354_,41.99µm
_1074_,41.96µm
_0902_,41.7µm
_0407_,41.625µm
cpu_instance.ir.instructions\[10\]\[7\],41.54µm
_0481_,41.385µm
_0405_,41.365µm
_1272_,41.28µm
net236,41.28µm
cpu_instance.OR.memory\[26\]\[4\],41.24µm
_0474_,41.205µm
cpu_instance.OR.memory\[28\]\[6\],41.16µm
net189,40.98µm
net194,40.84µm
_0414_,40.765µm
_0914_,40.76µm
_1515_,40.72µm
cpu_instance.OR.memory\[15\]\[4\],40.5µm
uio_oe[5],40.49µm
cpu_instance.ir.instructions\[10\]\[6\],40.35µm
net277,40.32µm
_0617_,40.24µm
_0603_,40.1µm
net297,40µm
cpu_instance.ir.instructions\[30\]\[1\],39.985µm
_0569_,39.9µm
cpu_instance.OR.memory\[30\]\[3\],39.86µm
net217,39.62µm
_1470_,39.6µm
_0747_,39.42µm
_0515_,39.4µm
uio_oe[7],39.39µm
cpu_instance.alu.math_unit.adder.fa5.a,39.35µm
net220,39.32µm
_1563_,39.26µm
_0523_,39.245µm
cpu_instance.ir.instructions\[29\]\[7\],39.22µm
_1075_,39.14µm
_0445_,39.065µm
cpu_instance.ir.instructions\[9\]\[6\],39.02µm
_0959_,38.96µm
net243,38.91µm
cpu_instance.ir.instructions\[15\]\[4\],38.64µm
net244,38.5µm
uio_oe[3],38.41µm
_0962_,38.38µm
cpu_instance.OR.memory\[31\]\[6\],38.36µm
cpu_instance.ir.instructions\[11\]\[0\],38.17µm
_1560_,38.08µm
_1216_,37.94µm
_0987_,37.855µm
_0821_,37.84µm
net248,37.76µm
net302,37.76µm
cpu_instance.ir.instructions\[10\]\[1\],37.64µm
cpu_instance.ir.instructions\[8\]\[0\],37.635µm
cpu_instance.ir.instructions\[12\]\[1\],37.63µm
_0830_,37.6µm
net320,37.56µm
_1217_,37.53µm
net294,37.39µm
_0695_,37.32µm
_1495_,37.32µm
_1493_,37.28µm
net280,37.28µm
cpu_instance.ir.instructions\[28\]\[0\],37.22µm
_1014_,37.08µm
_0444_,37.045µm
_0460_,37.025µm
_0484_,37.015µm
cpu_instance.ir.instructions\[24\]\[2\],36.98µm
cpu_instance.dr.memory\[3\]\[4\],36.8µm
cpu_instance.OR.memory\[29\]\[4\],36.74µm
net253,36.72µm
cpu_instance.dr.memory\[2\]\[0\],36.7µm
net458,36.68µm
net234,36.64µm
_1431_,36.58µm
cpu_instance.ir.instructions\[25\]\[6\],36.5µm
net308,36.5µm
net208,36.48µm
cpu_instance.ir.instructions\[11\]\[7\],36.44µm
_1160_,36.42µm
cpu_instance.ir.instructions\[12\]\[5\],36.32µm
_1485_,36.3µm
_0597_,36.28µm
_0698_,36.26µm
_0448_,36.185µm
net598,36.14µm
cpu_instance.ir.instructions\[8\]\[7\],36.12µm
net260,36.1µm
cpu_instance.OR.memory\[13\]\[6\],36.06µm
net286,36.06µm
net256,36µm
cpu_instance.ir.instructions\[8\]\[5\],35.92µm
cpu_instance.ir.instructions\[13\]\[5\],35.88µm
_0986_,35.8µm
cpu_instance.ir.instructions\[0\]\[2\],35.78µm
_1570_,35.66µm
net255,35.56µm
cpu_instance.ir.instructions\[20\]\[5\],35.4µm
_1484_,35.38µm
net207,35.38µm
_1090_,35.33µm
_0602_,35.28µm
_0742_,35.24µm
_0594_,35.16µm
_0718_,35.1µm
cpu_instance.ir.instructions\[29\]\[3\],35.1µm
cpu_instance.dr.memory\[5\]\[2\],35.06µm
cpu_instance.ir.instructions\[20\]\[7\],35.06µm
_0420_,35.02µm
_0787_,34.94µm
_1213_,34.885µm
_0975_,34.88µm
net338,34.88µm
uio_in[4],34.87µm
_0864_,34.84µm
_0823_,34.78µm
_0861_,34.76µm
_1490_,34.76µm
net228,34.74µm
_0434_,34.68µm
net296,34.68µm
_1527_,34.6µm
cpu_instance.ir.instructions\[13\]\[6\],34.6µm
_0395_,34.595µm
_0442_,34.505µm
cpu_instance.dr.memory\[10\]\[1\],34.38µm
cpu_instance.ir.instructions\[27\]\[1\],34.32µm
_1048_,34.22µm
net644,34.22µm
cpu_instance.OR.memory\[23\]\[1\],34.16µm
_0735_,34.14µm
_0826_,34.02µm
_0621_,33.94µm
cpu_instance.ir.instructions\[11\]\[1\],33.93µm
cpu_instance.dr.memory\[2\]\[1\],33.92µm
net240,33.92µm
net252,33.88µm
_0476_,33.865µm
_1481_,33.85µm
net562,33.8µm
_1050_,33.74µm
cpu_instance.dr.memory\[7\]\[4\],33.72µm
_1018_,33.64µm
cpu_instance.ir.instructions\[24\]\[4\],33.64µm
cpu_instance.ir.instructions\[9\]\[0\],33.58µm
cpu_instance.ir.instructions\[9\]\[7\],33.58µm
_0592_,33.56µm
_1538_,33.51µm
uio_in[6],33.45µm
_0727_,33.42µm
_0703_,33.34µm
net480,33.32µm
uio_oe[6],33.27µm
_1142_,33.24µm
_0916_,33.16µm
_0788_,33.02µm
net307,33.02µm
net235,32.84µm
net650,32.78µm
_0591_,32.6µm
_0678_,32.54µm
net292,32.54µm
cpu_instance.ir.instructions\[11\]\[4\],32.5µm
net250,32.48µm
cpu_instance.ir.instructions\[3\]\[3\],32.46µm
_1558_,32.34µm
cpu_instance.ir.instructions\[11\]\[6\],32.2µm
cpu_instance.ir.instructions\[0\]\[3\],32.14µm
cpu_instance.ir.instructions\[25\]\[2\],32.08µm
_1480_,32.04µm
cpu_instance.ir.instructions\[15\]\[7\],32.04µm
_1165_,31.98µm
cpu_instance.ir.instructions\[31\]\[5\],31.96µm
cpu_instance.ir.instructions\[25\]\[5\],31.94µm
cpu_instance.OR.memory\[29\]\[5\],31.84µm
_1423_,31.8µm
_1137_,31.76µm
_0406_,31.745µm
_0661_,31.74µm
cpu_instance.dr.memory\[11\]\[7\],31.73µm
_0865_,31.54µm
net492,31.52µm
_1108_,31.48µm
cpu_instance.ir.instructions\[25\]\[1\],31.44µm
_0567_,31.4µm
_0756_,31.38µm
_1522_,31.34µm
_0792_,31.32µm
_0593_,31.24µm
cpu_instance.OR.memory\[29\]\[3\],31.24µm
cpu_instance.ir.instructions\[21\]\[5\],31.22µm
_0580_,31.18µm
_1111_,31.16µm
_0560_,31.1µm
net216,31.04µm
_0709_,31.02µm
cpu_instance.ir.instructions\[10\]\[0\],31µm
cpu_instance.ir.instructions\[31\]\[4\],30.98µm
_1007_,30.975µm
_0791_,30.94µm
_1061_,30.9µm
net615,30.9µm
_0402_,30.86µm
_0904_,30.86µm
_0873_,30.78µm
cpu_instance.dr.memory\[11\]\[6\],30.72µm
net467,30.7µm
uio_out[6],30.59µm
_0408_,30.58µm
_0686_,30.52µm
cpu_instance.ir.instructions\[9\]\[5\],30.44µm
net288,30.44µm
_0663_,30.26µm
cpu_instance.ir.instructions\[15\]\[6\],30.18µm
_0650_,30.14µm
_0966_,30.14µm
cpu_instance.ir.instructions\[7\]\[1\],30.125µm
net507,30.12µm
_0501_,30.1µm
_1049_,30.06µm
cpu_instance.dr.memory\[0\]\[1\],30.04µm
cpu_instance.dr.memory\[11\]\[1\],30.04µm
uio_oe[1],29.95µm
cpu_instance.dr.memory\[7\]\[2\],29.94µm
cpu_instance.ir.instructions\[3\]\[0\],29.9µm
uo_out[2],29.85µm
_0920_,29.78µm
cpu_instance.ir.instructions\[13\]\[4\],29.78µm
_0895_,29.74µm
cpu_instance.ir.instructions\[15\]\[2\],29.74µm
_1300_,29.71µm
_1071_,29.68µm
cpu_instance.ir.instructions\[17\]\[5\],29.68µm
cpu_instance.ir.instructions\[31\]\[2\],29.62µm
cpu_instance.ir.instructions\[27\]\[2\],29.585µm
_0441_,29.565µm
net361,29.54µm
_0848_,29.46µm
_0712_,29.4µm
cpu_instance.ir.instructions\[16\]\[7\],29.4µm
_0852_,29.38µm
_0398_,29.365µm
_1390_,29.36µm
_0752_,29.3µm
cpu_instance.ir.instructions\[11\]\[5\],29.3µm
_0903_,29.24µm
_1154_,29.24µm
_1405_,29.24µm
net336,29.24µm
cpu_instance.dr.memory\[13\]\[3\],29.22µm
cpu_instance.ir.instructions\[9\]\[3\],29.22µm
net225,29.16µm
net655,29.16µm
net300,29.08µm
cpu_instance.ir.instructions\[8\]\[6\],29.04µm
_0786_,29.02µm
_0849_,29.02µm
_0574_,29µm
cpu_instance.dr.memory\[6\]\[1\],29µm
cpu_instance.dr.memory\[7\]\[0\],28.92µm
cpu_instance.ir.instructions\[14\]\[1\],28.92µm
_1020_,28.88µm
cpu_instance.OR.memory\[21\]\[7\],28.88µm
cpu_instance.ir.instructions\[12\]\[7\],28.86µm
cpu_instance.dr.memory\[10\]\[6\],28.76µm
cpu_instance.dr.memory\[7\]\[1\],28.76µm
uio_out[7],28.75µm
net227,28.58µm
_0922_,28.56µm
cpu_instance.ir.instructions\[23\]\[5\],28.56µm
net271,28.55µm
cpu_instance.ir.instructions\[12\]\[2\],28.52µm
net686,28.5µm
_0687_,28.48µm
_0741_,28.42µm
_0658_,28.4µm
_0677_,28.4µm
_0733_,28.4µm
cpu_instance.ir.instructions\[22\]\[7\],28.36µm
net491,28.28µm
_1041_,28.26µm
_0867_,28.19µm
uo_out[6],28.13µm
net488,28.04µm
cpu_instance.dr.memory\[15\]\[4\],28.01µm
net623,28µm
_1557_,27.93µm
_1005_,27.9µm
cpu_instance.OR.memory\[25\]\[5\],27.9µm
cpu_instance.OR.memory\[13\]\[4\],27.86µm
cpu_instance.ir.instructions\[10\]\[4\],27.86µm
_0827_,27.84µm
cpu_instance.dr.memory\[6\]\[0\],27.78µm
cpu_instance.ir.instructions\[28\]\[3\],27.78µm
cpu_instance.ir.instructions\[4\]\[3\],27.72µm
cpu_instance.ir.instructions\[16\]\[6\],27.64µm
cpu_instance.ir.instructions\[23\]\[1\],27.62µm
_0482_,27.525µm
_1042_,27.525µm
_1116_,27.5µm
_0428_,27.485µm
net401,27.48µm
_0707_,27.42µm
net624,27.42µm
net262,27.4µm
net365,27.4µm
_0744_,27.28µm
_0491_,27.265µm
_0855_,27.24µm
_0928_,27.24µm
_1373_,27.24µm
_1467_,27.24µm
cpu_instance.OR.memory\[23\]\[2\],27.16µm
_1335_,27.155µm
cpu_instance.OR.memory\[19\]\[4\],27.12µm
_1062_,27.1µm
_1088_,27.1µm
cpu_instance.ir.instructions\[8\]\[4\],27.1µm
cpu_instance.ir.instructions\[15\]\[1\],27.08µm
_0401_,27.025µm
_0722_,27.02µm
net659,26.98µm
cpu_instance.ir.instructions\[8\]\[1\],26.92µm
_1202_,26.9µm
_0828_,26.88µm
_1003_,26.86µm
cpu_instance.ir.instructions\[12\]\[6\],26.78µm
cpu_instance.ir.instructions\[17\]\[4\],26.78µm
_0953_,26.64µm
_0468_,26.625µm
cpu_instance.OR.memory\[31\]\[3\],26.54µm
net704,26.54µm
cpu_instance.OR.memory\[12\]\[6\],26.52µm
net534,26.5µm
cpu_instance.ir.instructions\[27\]\[4\],26.48µm
cpu_instance.dr.memory\[9\]\[7\],26.44µm
cpu_instance.dr.memory\[14\]\[6\],26.42µm
cpu_instance.OR.memory\[24\]\[7\],26.4µm
cpu_instance.ir.instructions\[13\]\[7\],26.38µm
cpu_instance.dr.memory\[2\]\[4\],26.36µm
cpu_instance.dr.memory\[1\]\[6\],26.32µm
cpu_instance.ir.instructions\[14\]\[6\],26.3µm
cpu_instance.OR.memory\[20\]\[1\],26.26µm
cpu_instance.ir.instructions\[21\]\[6\],26.26µm
_0956_,26.24µm
_1092_,26.24µm
_0717_,26.22µm
cpu_instance.dr.memory\[1\]\[4\],26.2µm
cpu_instance.ir.instructions\[8\]\[3\],26.2µm
net303,26.2µm
uio_out[5],26.19µm
cpu_instance.dr.memory\[1\]\[7\],26.14µm
net457,26.1µm
cpu_instance.ir.instructions\[10\]\[5\],26.09µm
_1203_,25.955µm
cpu_instance.ir.instructions\[1\]\[3\],25.94µm
cpu_instance.dr.memory\[4\]\[5\],25.9µm
cpu_instance.ir.instructions\[23\]\[4\],25.88µm
cpu_instance.dr.memory\[12\]\[7\],25.86µm
_0443_,25.785µm
_1556_,25.78µm
cpu_instance.OR.memory\[11\]\[0\],25.72µm
_1498_,25.66µm
_0940_,25.64µm
ui_in[1],25.63µm
_0850_,25.6µm
_1126_,25.58µm
_0912_,25.52µm
cpu_instance.ir.instructions\[18\]\[6\],25.5µm
cpu_instance.ir.instructions\[31\]\[1\],25.5µm
_0500_,25.48µm
_0674_,25.46µm
_1190_,25.46µm
cpu_instance.ir.instructions\[28\]\[5\],25.44µm
cpu_instance.ir.instructions\[30\]\[2\],25.425µm
_0514_,25.375µm
_1333_,25.34µm
cpu_instance.OR.memory\[29\]\[2\],25.34µm
net306,25.34µm
_0900_,25.3µm
_0659_,25.26µm
cpu_instance.dr.memory\[5\]\[3\],25.26µm
_0585_,25.22µm
_1026_,25.18µm
cpu_instance.dr.memory\[6\]\[6\],25.18µm
_0457_,25.145µm
cpu_instance.ir.instructions\[6\]\[1\],25.07µm
cpu_instance.OR.memory\[21\]\[4\],25.02µm
cpu_instance.ir.instructions\[21\]\[0\],25.02µm
cpu_instance.ir.instructions\[30\]\[3\],25.02µm
_0765_,24.94µm
_0675_,24.895µm
_0413_,24.885µm
net523,24.88µm
cpu_instance.ir.instructions\[2\]\[5\],24.86µm
_0472_,24.855µm
_0498_,24.845µm
cpu_instance.ir.instructions\[27\]\[6\],24.82µm
net258,24.82µm
cpu_instance.OR.memory\[16\]\[4\],24.79µm
_1070_,24.78µm
_0557_,24.68µm
_1420_,24.66µm
cpu_instance.dr.memory\[0\]\[7\],24.66µm
_0436_,24.645µm
cpu_instance.ir.instructions\[31\]\[3\],24.605µm
_0563_,24.6µm
cpu_instance.ir.instructions\[22\]\[6\],24.6µm
cpu_instance.ir.instructions\[25\]\[4\],24.6µm
_0633_,24.59µm
net393,24.58µm
_0936_,24.52µm
_1055_,24.5µm
_1377_,24.46µm
net602,24.46µm
_1370_,24.44µm
_0789_,24.42µm
_1301_,24.4µm
_0743_,24.36µm
cpu_instance.OR.memory\[22\]\[4\],24.36µm
_1079_,24.32µm
cpu_instance.OR.memory\[16\]\[3\],24.3µm
_1052_,24.28µm
cpu_instance.OR.memory\[25\]\[2\],24.24µm
cpu_instance.OR.memory\[24\]\[4\],24.06µm
cpu_instance.ir.instructions\[14\]\[5\],24.04µm
cpu_instance.dr.memory\[4\]\[0\],24µm
net527,23.98µm
net569,23.96µm
net587,23.9µm
_0888_,23.84µm
_1057_,23.84µm
net622,23.8µm
cpu_instance.OR.memory\[24\]\[1\],23.72µm
_0573_,23.7µm
cpu_instance.ir.instructions\[29\]\[5\],23.68µm
_0737_,23.62µm
_0679_,23.54µm
_1193_,23.52µm
_1243_,23.46µm
cpu_instance.ir.instructions\[5\]\[1\],23.46µm
_1361_,23.44µm
net445,23.42µm
cpu_instance.ir.instructions\[1\]\[5\],23.4µm
_1393_,23.38µm
cpu_instance.dr.memory\[6\]\[2\],23.38µm
_1100_,23.36µm
cpu_instance.OR.memory\[26\]\[1\],23.32µm
cpu_instance.ir.instructions\[26\]\[5\],23.32µm
_1425_,23.31µm
_0433_,23.305µm
cpu_instance.ir.instructions\[31\]\[6\],23.3µm
_0716_,23.2µm
cpu_instance.ir.instructions\[29\]\[0\],23.2µm
net525,23.2µm
_1274_,23.18µm
net489,23.18µm
_0412_,23.155µm
cpu_instance.ir.instructions\[18\]\[1\],23.065µm
cpu_instance.ir.instructions\[28\]\[1\],23.06µm
_0997_,23.02µm
cpu_instance.ir.instructions\[14\]\[2\],23.02µm
cpu_instance.ir.instructions\[9\]\[4\],23µm
cpu_instance.ir.instructions\[30\]\[6\],22.92µm
_0450_,22.9µm
cpu_instance.OR.memory\[30\]\[5\],22.88µm
_0458_,22.845µm
cpu_instance.ir.instructions\[28\]\[2\],22.8µm
cpu_instance.ir.instructions\[17\]\[7\],22.72µm
net493,22.7µm
net500,22.64µm
_1128_,22.62µm
net698,22.62µm
_1520_,22.6µm
cpu_instance.ir.instructions\[14\]\[0\],22.6µm
cpu_instance.ir.instructions\[22\]\[5\],22.58µm
net575,22.56µm
_1417_,22.52µm
cpu_instance.ir.instructions\[28\]\[4\],22.5µm
_0910_,22.46µm
cpu_instance.ir.instructions\[27\]\[7\],22.44µm
cpu_instance.ir.instructions\[0\]\[5\],22.42µm
_0758_,22.4µm
_1064_,22.38µm
_1151_,22.38µm
net542,22.38µm
_0672_,22.36µm
net637,22.36µm
cpu_instance.OR.memory\[12\]\[3\],22.34µm
_1105_,22.335µm
_1421_,22.32µm
cpu_instance.OR.memory\[6\]\[0\],22.28µm
cpu_instance.dr.memory\[6\]\[5\],22.28µm
cpu_instance.ir.instructions\[18\]\[3\],22.275µm
cpu_instance.OR.memory\[20\]\[2\],22.23µm
net313,22.2µm
net558,22.18µm
net699,22.18µm
cpu_instance.dr.memory\[3\]\[1\],22.13µm
_0607_,22.1µm
cpu_instance.dr.memory\[5\]\[5\],22.08µm
net734,22.08µm
cpu_instance.dr.memory\[2\]\[2\],22.02µm
cpu_instance.dr.memory\[0\]\[4\],21.96µm
_0673_,21.925µm
cpu_instance.OR.memory\[18\]\[5\],21.92µm
cpu_instance.ir.instructions\[22\]\[4\],21.88µm
cpu_instance.OR.memory\[28\]\[2\],21.84µm
cpu_instance.ir.instructions\[7\]\[0\],21.84µm
net621,21.84µm
net744,21.82µm
_0774_,21.81µm
cpu_instance.OR.memory\[25\]\[0\],21.8µm
cpu_instance.ir.instructions\[26\]\[2\],21.8µm
_0736_,21.7µm
cpu_instance.dr.memory\[6\]\[4\],21.7µm
_0496_,21.665µm
cpu_instance.OR.memory\[14\]\[4\],21.66µm
cpu_instance.dr.memory\[8\]\[6\],21.66µm
cpu_instance.ir.instructions\[29\]\[2\],21.66µm
cpu_instance.OR.memory\[30\]\[6\],21.62µm
cpu_instance.OR.memory\[4\]\[0\],21.58µm
_0660_,21.57µm
_1168_,21.54µm
cpu_instance.dr.memory\[7\]\[3\],21.54µm
cpu_instance.ir.instructions\[2\]\[3\],21.5µm
_0988_,21.46µm
uio_oe[2],21.43µm
cpu_instance.dr.memory\[7\]\[7\],21.36µm
_0845_,21.34µm
_0738_,21.3µm
_0918_,21.3µm
cpu_instance.dr.memory\[8\]\[0\],21.3µm
_1006_,21.28µm
cpu_instance.dr.memory\[9\]\[1\],21.28µm
cpu_instance.OR.memory\[19\]\[2\],21.27µm
cpu_instance.ir.instructions\[20\]\[6\],21.26µm
_0704_,21.24µm
_0942_,21.24µm
cpu_instance.ir.instructions\[13\]\[2\],21.215µm
_1127_,21.21µm
_0469_,21.205µm
cpu_instance.ir.instructions\[3\]\[5\],21.2µm
net310,21.2µm
_1416_,21.13µm
cpu_instance.ir.instructions\[16\]\[1\],21.12µm
cpu_instance.ir.instructions\[14\]\[4\],21.08µm
_1173_,21.04µm
cpu_instance.acc.alu_result\[4\],21.04µm
cpu_instance.ir.instructions\[17\]\[0\],21.04µm
cpu_instance.ir.instructions\[6\]\[3\],21.04µm
net692,21.02µm
_1321_,21µm
_1045_,20.98µm
cpu_instance.dr.memory\[5\]\[0\],20.98µm
cpu_instance.ir.instructions\[13\]\[0\],20.96µm
cpu_instance.dr.memory\[14\]\[1\],20.9µm
cpu_instance.dr.memory\[3\]\[3\],20.9µm
net299,20.9µm
_0629_,20.82µm
net340,20.8µm
net450,20.8µm
_0572_,20.78µm
net745,20.78µm
cpu_instance.dr.memory\[15\]\[1\],20.76µm
_1034_,20.74µm
_1131_,20.74µm
net738,20.68µm
_0985_,20.64µm
_0637_,20.62µm
cpu_instance.dr.memory\[14\]\[7\],20.58µm
_0415_,20.56µm
uio_out[3],20.55µm
cpu_instance.ir.instructions\[7\]\[3\],20.5µm
_0565_,20.44µm
cpu_instance.ir.instructions\[21\]\[4\],20.44µm
cpu_instance.ir.instructions\[31\]\[0\],20.39µm
cpu_instance.dr.memory\[3\]\[7\],20.37µm
cpu_instance.ir.instructions\[19\]\[3\],20.34µm
net370,20.34µm
net499,20.34µm
cpu_instance.ir.instructions\[23\]\[3\],20.335µm
cpu_instance.ir.instructions\[16\]\[2\],20.32µm
cpu_instance.ir.instructions\[29\]\[4\],20.32µm
net695,20.3µm
_1118_,20.28µm
net746,20.28µm
cpu_instance.ir.instructions\[11\]\[2\],20.22µm
cpu_instance.ir.instructions\[26\]\[7\],20.2µm
cpu_instance.ir.instructions\[30\]\[5\],20.2µm
_0801_,20.18µm
cpu_instance.OR.memory\[26\]\[6\],20.16µm
_1391_,20.12µm
cpu_instance.ir.instructions\[18\]\[5\],20.1µm
net617,20.1µm
net579,20.08µm
_1297_,20.04µm
_0601_,20.02µm
_0963_,20µm
_0746_,19.96µm
_0843_,19.96µm
cpu_instance.ir.instructions\[6\]\[2\],19.93µm
uio_out[2],19.89µm
_1372_,19.78µm
cpu_instance.dr.memory\[15\]\[6\],19.76µm
cpu_instance.ir.instructions\[27\]\[3\],19.76µm
net423,19.76µm
cpu_instance.ir.instructions\[4\]\[1\],19.74µm
net325,19.7µm
cpu_instance.ir.instructions\[19\]\[7\],19.68µm
cpu_instance.ir.instructions\[25\]\[3\],19.66µm
cpu_instance.OR.memory\[25\]\[4\],19.64µm
cpu_instance.dr.memory\[15\]\[5\],19.64µm
cpu_instance.OR.memory\[0\]\[2\],19.62µm
cpu_instance.OR.memory\[19\]\[5\],19.62µm
net657,19.62µm
cpu_instance.ir.instructions\[24\]\[1\],19.6µm
cpu_instance.OR.memory\[9\]\[0\],19.58µm
_0894_,19.57µm
cpu_instance.dr.memory\[10\]\[7\],19.56µm
cpu_instance.OR.memory\[27\]\[1\],19.54µm
cpu_instance.dr.memory\[3\]\[0\],19.54µm
cpu_instance.dr.memory\[1\]\[0\],19.52µm
cpu_instance.ir.instructions\[20\]\[3\],19.5µm
_0666_,19.48µm
_0906_,19.42µm
net610,19.42µm
net667,19.42µm
cpu_instance.dr.memory\[5\]\[1\],19.38µm
cpu_instance.dr.memory\[8\]\[1\],19.36µm
net354,19.36µm
_1344_,19.34µm
cpu_instance.ir.instructions\[12\]\[4\],19.32µm
_0866_,19.28µm
_1569_,19.28µm
net328,19.28µm
cpu_instance.OR.memory\[31\]\[1\],19.26µm
_0951_,19.24µm
cpu_instance.OR.memory\[10\]\[0\],19.24µm
_0981_,19.22µm
cpu_instance.OR.memory\[9\]\[6\],19.22µm
_0465_,19.2µm
cpu_instance.ir.instructions\[15\]\[0\],19.18µm
cpu_instance.ir.instructions\[28\]\[6\],19.18µm
_1029_,19.12µm
ui_in[3],19.05µm
cpu_instance.dr.memory\[12\]\[1\],19.04µm
_1215_,19µm
_1046_,18.99µm
cpu_instance.OR.memory\[17\]\[0\],18.98µm
cpu_instance.ir.instructions\[15\]\[3\],18.96µm
_1317_,18.94µm
net323,18.94µm
net703,18.94µm
_0622_,18.82µm
_0847_,18.82µm
_0974_,18.82µm
_1009_,18.78µm
cpu_instance.OR.memory\[26\]\[5\],18.78µm
cpu_instance.OR.memory\[31\]\[4\],18.78µm
cpu_instance.OR.memory\[10\]\[6\],18.74µm
cpu_instance.ir.instructions\[30\]\[7\],18.74µm
_1565_,18.68µm
net671,18.68µm
_0871_,18.66µm
cpu_instance.ir.instructions\[24\]\[0\],18.66µm
_0711_,18.64µm
cpu_instance.dr.memory\[13\]\[6\],18.6µm
_1204_,18.56µm
cpu_instance.dr.memory\[10\]\[4\],18.54µm
cpu_instance.ir.instructions\[9\]\[2\],18.54µm
cpu_instance.OR.memory\[0\]\[7\],18.52µm
cpu_instance.ir.instructions\[26\]\[4\],18.5µm
net446,18.5µm
cpu_instance.ir.instructions\[2\]\[0\],18.49µm
_1214_,18.48µm
net449,18.46µm
_0587_,18.4µm
cpu_instance.OR.memory\[13\]\[2\],18.4µm
cpu_instance.ir.instructions\[4\]\[0\],18.4µm
cpu_instance.OR.memory\[21\]\[3\],18.36µm
cpu_instance.dr.memory\[14\]\[2\],18.36µm
net712,18.34µm
_1199_,18.32µm
_0998_,18.28µm
_1544_,18.28µm
net272,18.26µm
cpu_instance.ir.instructions\[11\]\[3\],18.24µm
_0930_,18.22µm
_1355_,18.22µm
cpu_instance.OR.memory\[22\]\[0\],18.2µm
net658,18.2µm
net342,18.16µm
_1535_,18.14µm
net635,18.14µm
cpu_instance.dr.memory\[5\]\[4\],18.1µm
cpu_instance.ir.instructions\[1\]\[7\],18.1µm
cpu_instance.ir.instructions\[6\]\[7\],18.1µm
cpu_instance.OR.memory\[15\]\[1\],18.06µm
cpu_instance.ir.instructions\[1\]\[1\],18.04µm
cpu_instance.OR.memory\[21\]\[5\],18.02µm
cpu_instance.dr.memory\[9\]\[6\],18.02µm
cpu_instance.ir.instructions\[0\]\[1\],18µm
_0683_,17.98µm
cpu_instance.ir.instructions\[10\]\[3\],17.98µm
cpu_instance.ir.instructions\[31\]\[7\],17.98µm
_1312_,17.97µm
net215,17.96µm
_0684_,17.94µm
_1121_,17.92µm
cpu_instance.dr.memory\[15\]\[7\],17.9µm
_0705_,17.88µm
net353,17.88µm
_1019_,17.86µm
net460,17.84µm
_0446_,17.835µm
_1063_,17.82µm
_1130_,17.76µm
cpu_instance.OR.memory\[7\]\[0\],17.72µm
_1229_,17.66µm
cpu_instance.OR.memory\[17\]\[3\],17.66µm
net723,17.64µm
cpu_instance.ir.instructions\[12\]\[0\],17.615µm
cpu_instance.dr.memory\[15\]\[2\],17.56µm
cpu_instance.ir.instructions\[17\]\[6\],17.56µm
_1002_,17.52µm
cpu_instance.OR.memory\[15\]\[2\],17.52µm
cpu_instance.dr.memory\[4\]\[2\],17.44µm
net334,17.42µm
cpu_instance.OR.memory\[27\]\[2\],17.4µm
_0945_,17.39µm
net606,17.38µm
_1023_,17.36µm
cpu_instance.OR.memory\[30\]\[4\],17.36µm
net266,17.36µm
net609,17.36µm
net440,17.34µm
_0480_,17.325µm
_0713_,17.32µm
_0809_,17.3µm
_1305_,17.3µm
_0841_,17.28µm
_1387_,17.26µm
cpu_instance.OR.memory\[5\]\[0\],17.26µm
net702,17.2µm
cpu_instance.dr.memory\[12\]\[3\],17.18µm
cpu_instance.dr.memory\[14\]\[3\],17.18µm
_0872_,17.16µm
cpu_instance.ir.instructions\[22\]\[1\],17.155µm
_0668_,17.14µm
_1307_,17.14µm
_0992_,17.12µm
cpu_instance.ir.instructions\[18\]\[0\],17.11µm
_1139_,17.08µm
_0632_,17.06µm
cpu_instance.ir.instructions\[20\]\[0\],17.06µm
_0972_,17.04µm
cpu_instance.OR.memory\[26\]\[0\],17.02µm
net326,17.02µm
net351,17.02µm
cpu_instance.OR.memory\[17\]\[4\],16.98µm
cpu_instance.OR.memory\[24\]\[2\],16.98µm
cpu_instance.dr.memory\[9\]\[0\],16.98µm
cpu_instance.ir.instructions\[5\]\[7\],16.96µm
cpu_instance.OR.memory\[28\]\[1\],16.94µm
cpu_instance.OR.memory\[18\]\[4\],16.9µm
net590,16.9µm
net663,16.9µm
_1432_,16.88µm
_1428_,16.86µm
_1106_,16.84µm
_1419_,16.84µm
net672,16.84µm
net694,16.82µm
net660,16.76µm
cpu_instance.dr.memory\[4\]\[6\],16.7µm
_0929_,16.675µm
cpu_instance.dr.memory\[14\]\[4\],16.64µm
net519,16.64µm
net631,16.64µm
cpu_instance.ir.instructions\[19\]\[0\],16.6µm
cpu_instance.dr.memory\[2\]\[3\],16.58µm
net405,16.58µm
cpu_instance.ir.instructions\[5\]\[4\],16.52µm
net513,16.52µm
_0630_,16.5µm
_0934_,16.48µm
uio_out[1],16.45µm
_1278_,16.44µm
_1412_,16.44µm
cpu_instance.dr.memory\[1\]\[2\],16.42µm
cpu_instance.ir.instructions\[24\]\[7\],16.42µm
_0685_,16.3µm
net662,16.3µm
cpu_instance.dr.memory\[10\]\[0\],16.28µm
cpu_instance.dr.memory\[12\]\[2\],16.28µm
cpu_instance.dr.memory\[4\]\[3\],16.22µm
uo_out[1],16.21µm
_1158_,16.2µm
net490,16.2µm
net538,16.2µm
cpu_instance.OR.memory\[2\]\[7\],16.18µm
net473,16.18µm
_0694_,16.16µm
_1087_,16.16µm
net741,16.14µm
net640,16.12µm
_0740_,16.1µm
_0896_,16.1µm
net333,16.1µm
net747,16.1µm
ui_in[6],16.09µm
_1385_,16.08µm
net362,16.08µm
_0647_,16.06µm
cpu_instance.OR.memory\[13\]\[3\],15.94µm
net363,15.94µm
_1222_,15.92µm
_1212_,15.9µm
_0811_,15.88µm
cpu_instance.ir.instructions\[23\]\[7\],15.86µm
cpu_instance.OR.memory\[1\]\[2\],15.85µm
cpu_instance.ir.instructions\[0\]\[6\],15.84µm
cpu_instance.ir.instructions\[19\]\[5\],15.84µm
net618,15.84µm
cpu_instance.ir.instructions\[26\]\[6\],15.8µm
_0655_,15.76µm
_0734_,15.76µm
net412,15.74µm
_0989_,15.72µm
cpu_instance.OR.memory\[8\]\[6\],15.72µm
cpu_instance.dr.memory\[5\]\[6\],15.72µm
_1384_,15.68µm
cpu_instance.ir.instructions\[26\]\[0\],15.62µm
cpu_instance.dr.memory\[4\]\[7\],15.6µm
cpu_instance.ir.instructions\[26\]\[3\],15.6µm
cpu_instance.OR.memory\[14\]\[6\],15.58µm
cpu_instance.ir.instructions\[23\]\[6\],15.58µm
net345,15.56µm
cpu_instance.ir.instructions\[18\]\[4\],15.54µm
net415,15.52µm
cpu_instance.dr.memory\[15\]\[3\],15.5µm
cpu_instance.ir.instructions\[7\]\[7\],15.48µm
_0604_,15.44µm
_1132_,15.44µm
_0946_,15.42µm
_1104_,15.4µm
net754,15.4µm
_1306_,15.38µm
cpu_instance.dr.memory\[10\]\[5\],15.38µm
_0654_,15.34µm
net434,15.34µm
net735,15.34µm
cpu_instance.ir.instructions\[22\]\[0\],15.305µm
cpu_instance.dr.memory\[13\]\[4\],15.3µm
_1209_,15.28µm
cpu_instance.dr.memory\[2\]\[7\],15.28µm
net550,15.28µm
cpu_instance.ir.instructions\[0\]\[0\],15.26µm
net475,15.26µm
_0620_,15.22µm
cpu_instance.acc.alu_result\[5\],15.18µm
net377,15.18µm
cpu_instance.dr.memory\[4\]\[1\],15.14µm
_1129_,15.055µm
_0832_,15.04µm
_1231_,15.04µm
cpu_instance.ir.instructions\[30\]\[0\],15.04µm
_1184_,15.02µm
_1389_,15.02µm
cpu_instance.dr.memory\[14\]\[5\],15µm
_1398_,14.98µm
net373,14.94µm
net356,14.92µm
cpu_instance.dr.memory\[7\]\[5\],14.88µm
ui_in[0],14.87µm
uo_out[4],14.83µm
net751,14.8µm
_0562_,14.76µm
_1170_,14.76µm
cpu_instance.ir.instructions\[5\]\[6\],14.76µm
net330,14.76µm
net725,14.76µm
_0996_,14.74µm
net203,14.74µm
uio_out[0],14.73µm
cpu_instance.ir.instructions\[1\]\[0\],14.72µm
net608,14.72µm
_1310_,14.7µm
_1252_,14.68µm
net468,14.66µm
net485,14.62µm
cpu_instance.ir.instructions\[21\]\[7\],14.6µm
_0625_,14.58µm
_1096_,14.58µm
_1167_,14.56µm
_1008_,14.54µm
net509,14.54µm
_0631_,14.5µm
cpu_instance.ir.instructions\[2\]\[2\],14.5µm
_1181_,14.44µm
cpu_instance.ir.instructions\[21\]\[3\],14.42µm
_0586_,14.34µm
_1239_,14.335µm
cpu_instance.ir.instructions\[17\]\[2\],14.3µm
cpu_instance.OR.memory\[29\]\[0\],14.28µm
cpu_instance.ir.instructions\[2\]\[4\],14.26µm
_0564_,14.25µm
_0547_,14.245µm
net471,14.24µm
cpu_instance.OR.memory\[3\]\[7\],14.22µm
cpu_instance.ir.instructions\[22\]\[3\],14.22µm
net647,14.22µm
_1069_,14.18µm
_1225_,14.1µm
cpu_instance.OR.memory\[22\]\[6\],14.1µm
cpu_instance.dr.memory\[8\]\[4\],14.08µm
cpu_instance.ir.instructions\[19\]\[1\],14.08µm
cpu_instance.dr.memory\[12\]\[4\],14µm
cpu_instance.ir.instructions\[19\]\[2\],14µm
net646,14µm
cpu_instance.ir.instructions\[23\]\[2\],13.98µm
_1238_,13.96µm
_0781_,13.9µm
net568,13.9µm
net599,13.9µm
net436,13.88µm
_0508_,13.845µm
_0690_,13.84µm
_1409_,13.84µm
net212,13.8µm
_1198_,13.79µm
_1236_,13.78µm
_1414_,13.78µm
net580,13.78µm
cpu_instance.dr.memory\[5\]\[7\],13.76µm
cpu_instance.ir.instructions\[6\]\[6\],13.76µm
net651,13.76µm
_1162_,13.74µm
cpu_instance.ir.instructions\[7\]\[6\],13.68µm
_0651_,13.66µm
_1323_,13.66µm
net605,13.66µm
_1379_,13.64µm
cpu_instance.OR.memory\[18\]\[6\],13.64µm
cpu_instance.ir.instructions\[7\]\[4\],13.64µm
net420,13.64µm
net341,13.62µm
_0497_,13.6µm
_1263_,13.6µm
cpu_instance.ir.instructions\[25\]\[0\],13.6µm
cpu_instance.OR.memory\[27\]\[4\],13.58µm
cpu_instance.dr.memory\[12\]\[5\],13.58µm
cpu_instance.OR.memory\[30\]\[2\],13.54µm
net364,13.54µm
cpu_instance.OR.memory\[22\]\[1\],13.52µm
_1567_,13.5µm
cpu_instance.ir.instructions\[25\]\[7\],13.5µm
_1341_,13.48µm
cpu_instance.ir.instructions\[5\]\[3\],13.465µm
cpu_instance.ir.instructions\[18\]\[2\],13.44µm
net290,13.44µm
net426,13.44µm
_0836_,13.42µm
net344,13.42µm
cpu_instance.dr.memory\[11\]\[3\],13.4µm
net374,13.4µm
_0834_,13.38µm
_1376_,13.38µm
net397,13.38µm
net574,13.38µm
_0892_,13.34µm
_0967_,13.34µm
cpu_instance.OR.memory\[3\]\[2\],13.34µm
_1294_,13.32µm
net383,13.32µm
net390,13.32µm
net497,13.32µm
cpu_instance.ir.instructions\[24\]\[5\],13.3µm
_0835_,13.28µm
net483,13.28µm
net535,13.28µm
net565,13.28µm
net676,13.28µm
_0798_,13.22µm
_1036_,13.22µm
_1568_,13.22µm
cpu_instance.OR.memory\[29\]\[7\],13.22µm
cpu_instance.ir.instructions\[16\]\[5\],13.22µm
net543,13.22µm
_0846_,13.2µm
_1208_,13.2µm
net597,13.2µm
_1388_,13.18µm
net697,13.16µm
cpu_instance.ir.instructions\[22\]\[2\],13.105µm
cpu_instance.alu.math_unit.adder.fa2.a,13.1µm
cpu_instance.dr.memory\[12\]\[6\],13.08µm
_1091_,13.06µm
cpu_instance.ir.instructions\[16\]\[4\],13.06µm
_0859_,13.04µm
cpu_instance.OR.memory\[19\]\[7\],13.04µm
cpu_instance.ir.instructions\[27\]\[0\],13.04µm
_0583_,13.02µm
_0935_,13.02µm
cpu_instance.ir.instructions\[12\]\[3\],13.02µm
_0775_,13µm
cpu_instance.OR.memory\[28\]\[7\],13µm
_0763_,12.98µm
net557,12.94µm
_1396_,12.92µm
net399,12.92µm
cpu_instance.ir.instructions\[5\]\[2\],12.88µm
cpu_instance.OR.memory\[12\]\[1\],12.85µm
_0599_,12.84µm
cpu_instance.OR.memory\[16\]\[2\],12.84µm
cpu_instance.OR.memory\[18\]\[2\],12.84µm
cpu_instance.ir.instructions\[29\]\[6\],12.84µm
net366,12.82µm
_1440_,12.8µm
_1073_,12.76µm
_1233_,12.76µm
_1444_,12.76µm
_1458_,12.76µm
_0383_,12.745µm
cpu_instance.ir.instructions\[17\]\[3\],12.72µm
cpu_instance.ir.instructions\[24\]\[3\],12.7µm
_1157_,12.68µm
cpu_instance.ir.instructions\[24\]\[6\],12.66µm
cpu_instance.ir.instructions\[10\]\[2\],12.645µm
_0816_,12.64µm
net241,12.62µm
cpu_instance.ir.instructions\[17\]\[1\],12.6µm
_0575_,12.58µm
_0901_,12.58µm
cpu_instance.ir.instructions\[6\]\[0\],12.545µm
cpu_instance.OR.memory\[2\]\[2\],12.54µm
net589,12.54µm
net648,12.54µm
_1189_,12.535µm
_1260_,12.5µm
net349,12.5µm
net502,12.5µm
_1249_,12.44µm
_1382_,12.43µm
cpu_instance.dr.memory\[6\]\[3\],12.42µm
cpu_instance.ir.instructions\[23\]\[0\],12.42µm
net518,12.42µm
net576,12.42µm
net630,12.42µm
net691,12.4µm
net729,12.4µm
cpu_instance.ir.instructions\[1\]\[6\],12.38µm
cpu_instance.ir.instructions\[14\]\[3\],12.365µm
_0750_,12.34µm
_1290_,12.34µm
net418,12.34µm
net287,12.3µm
_0611_,12.28µm
net652,12.28µm
_1060_,12.26µm
_1235_,12.26µm
net381,12.26µm
net441,12.26µm
net583,12.26µm
_1422_,12.22µm
cpu_instance.dr.memory\[13\]\[2\],12.2µm
net329,12.2µm
_1450_,12.18µm
_0578_,12.16µm
cpu_instance.ir.instructions\[2\]\[6\],12.16µm
net532,12.16µm
cpu_instance.dr.memory\[0\]\[0\],12.14µm
net504,12.14µm
_1021_,12.12µm
ui_in[2],12.11µm
uio_in[1],12.11µm
_1457_,12.1µm
_1221_,12.08µm
cpu_instance.OR.memory\[16\]\[0\],12.06µm
net536,12.06µm
cpu_instance.dr.memory\[11\]\[4\],12.04µm
net537,12.04µm
net551,12.02µm
cpu_instance.ir.instructions\[0\]\[4\],11.96µm
net389,11.96µm
net689,11.96µm
_0426_,11.94µm
_0964_,11.94µm
net627,11.94µm
cpu_instance.dr.memory\[13\]\[1\],11.92µm
cpu_instance.ir.instructions\[6\]\[4\],11.9µm
_0449_,11.885µm
_0682_,11.88µm
net481,11.86µm
net464,11.84µm
_0730_,11.82µm
_0819_,11.78µm
cpu_instance.dr.memory\[12\]\[0\],11.78µm
cpu_instance.dr.memory\[13\]\[5\],11.78µm
cpu_instance.dr.memory\[8\]\[2\],11.78µm
_1257_,11.76µm
_1517_,11.76µm
_1004_,11.74µm
_0614_,11.72µm
_0960_,11.72µm
cpu_instance.ir.instructions\[1\]\[2\],11.72µm
_0931_,11.7µm
_1279_,11.7µm
_1303_,11.7µm
cpu_instance.ir.instructions\[29\]\[1\],11.7µm
_1163_,11.66µm
_1308_,11.66µm
_0948_,11.64µm
cpu_instance.OR.memory\[29\]\[6\],11.6µm
cpu_instance.OR.memory\[14\]\[3\],11.58µm
cpu_instance.dr.memory\[9\]\[4\],11.58µm
net501,11.58µm
net682,11.58µm
net670,11.56µm
net755,11.56µm
_0829_,11.54µm
_1211_,11.54µm
_1347_,11.53µm
_0253_,11.505µm
_1319_,11.5µm
cpu_instance.OR.memory\[14\]\[1\],11.5µm
cpu_instance.ir.instructions\[1\]\[4\],11.5µm
cpu_instance.ir.instructions\[2\]\[7\],11.5µm
net484,11.5µm
net570,11.5µm
net506,11.48µm
net560,11.48µm
_1187_,11.46µm
_1207_,11.46µm
cpu_instance.ir.instructions\[5\]\[0\],11.46µm
net503,11.46µm
_1150_,11.44µm
_1281_,11.395µm
net476,11.38µm
_1334_,11.37µm
cpu_instance.dr.memory\[15\]\[0\],11.36µm
cpu_instance.dr.memory\[3\]\[6\],11.32µm
_0319_,11.285µm
_1268_,11.28µm
net732,11.28µm
_1094_,11.26µm
_1299_,11.24µm
cpu_instance.dr.memory\[13\]\[0\],11.24µm
_1220_,11.22µm
cpu_instance.dr.memory\[9\]\[2\],11.22µm
_0806_,11.2µm
cpu_instance.OR.memory\[26\]\[2\],11.2µm
cpu_instance.ir.instructions\[21\]\[1\],11.2µm
_1188_,11.18µm
_1067_,11.16µm
_1364_,11.14µm
_0000_,11.12µm
_0589_,11.12µm
_1095_,11.12µm
cpu_instance.OR.memory\[23\]\[0\],11.12µm
net304,11.12µm
cpu_instance.OR.memory\[1\]\[7\],11.08µm
cpu_instance.OR.memory\[25\]\[1\],11.08µm
cpu_instance.dr.memory\[11\]\[5\],11.08µm
cpu_instance.ir.instructions\[20\]\[4\],11.08µm
cpu_instance.ir.instructions\[30\]\[4\],11.08µm
_1424_,11.06µm
net541,11.06µm
net675,11.06µm
cpu_instance.OR.memory\[18\]\[0\],11.04µm
net701,11.02µm
_1380_,11µm
net531,10.98µm
_0069_,10.965µm
_0941_,10.95µm
cpu_instance.ir.instructions\[20\]\[1\],10.94µm
_1479_,10.92µm
net231,10.92µm
cpu_instance.ir.instructions\[2\]\[1\],10.9µm
cpu_instance.ir.program_counter\[3\],10.9µm
net696,10.9µm
_0665_,10.89µm
_1316_,10.88µm
net632,10.88µm
_0243_,10.875µm
_0667_,10.86µm
cpu_instance.dr.memory\[11\]\[0\],10.86µm
_1265_,10.82µm
cpu_instance.dr.memory\[6\]\[7\],10.82µm
net613,10.82µm
_1103_,10.8µm
net555,10.8µm
net639,10.8µm
_0314_,10.785µm
_0762_,10.78µm
_1159_,10.78µm
_1429_,10.78µm
uio_in[0],10.77µm
_0626_,10.74µm
_1012_,10.74µm
_1025_,10.74µm
net453,10.74µm
_0917_,10.7µm
_1011_,10.7µm
_1051_,10.7µm
_0968_,10.68µm
_1447_,10.66µm
net376,10.66µm
net429,10.66µm
_1339_,10.62µm
net409,10.62µm
net636,10.6µm
net687,10.6µm
net312,10.58µm
net379,10.58µm
_0301_,10.565µm
_1296_,10.56µm
net369,10.56µm
net394,10.56µm
net478,10.56µm
_0699_,10.54µm
_0970_,10.54µm
_1426_,10.54µm
cpu_instance.OR.memory\[15\]\[3\],10.54µm
cpu_instance.dr.memory\[8\]\[3\],10.54µm
cpu_instance.ir.instructions\[5\]\[5\],10.54µm
_1177_,10.52µm
_1135_,10.5µm
cpu_instance.OR.memory\[21\]\[0\],10.5µm
cpu_instance.OR.memory\[27\]\[6\],10.5µm
net512,10.46µm
_0600_,10.44µm
_0652_,10.44µm
_1114_,10.4µm
net614,10.4µm
net612,10.38µm
_1400_,10.36µm
_1561_,10.36µm
net419,10.36µm
net601,10.36µm
net339,10.34µm
_0610_,10.32µm
_0978_,10.32µm
cpu_instance.dr.memory\[1\]\[1\],10.3µm
cpu_instance.dr.memory\[3\]\[2\],10.24µm
net505,10.22µm
cpu_instance.ir.instructions\[4\]\[5\],10.2µm
rst_n,10.19µm
_0745_,10.14µm
net749,10.12µm
net748,10.1µm
_1314_,10.04µm
cpu_instance.OR.memory\[22\]\[2\],10.02µm
net715,10.02µm
cpu_instance.ir.instructions\[0\]\[7\],10µm
_0252_,9.985µm
_0778_,9.94µm
cpu_instance.OR.memory\[14\]\[2\],9.94µm
cpu_instance.OR.memory\[17\]\[6\],9.94µm
cpu_instance.dr.memory\[9\]\[5\],9.94µm
net661,9.94µm
cpu_instance.dr.memory\[0\]\[3\],9.9µm
net750,9.9µm
_1359_,9.84µm
_0623_,9.82µm
_0748_,9.82µm
_1133_,9.82µm
_1185_,9.82µm
cpu_instance.OR.memory\[25\]\[7\],9.8µm
cpu_instance.dr.memory\[1\]\[3\],9.8µm
_0909_,9.78µm
_1374_,9.765µm
net649,9.76µm
cpu_instance.OR.memory\[23\]\[6\],9.7µm
cpu_instance.ir.instructions\[21\]\[2\],9.7µm
cpu_instance.ir.instructions\[7\]\[5\],9.7µm
_0635_,9.66µm
_1194_,9.66µm
cpu_instance.OR.memory\[11\]\[6\],9.66µm
net350,9.66µm
net554,9.66µm
net564,9.66µm
net693,9.66µm
net733,9.66µm
net742,9.66µm
_0259_,9.645µm
net718,9.64µm
cpu_instance.OR.memory\[16\]\[7\],9.62µm
net752,9.6µm
_0706_,9.58µm
_1017_,9.58µm
net391,9.56µm
_1434_,9.54µm
_0961_,9.52µm
_1271_,9.52µm
cpu_instance.OR.memory\[23\]\[7\],9.52µm
net386,9.52µm
net724,9.52µm
_1248_,9.5µm
_1124_,9.48µm
cpu_instance.acc.alu_result\[0\],9.48µm
net291,9.48µm
_1228_,9.44µm
_0979_,9.42µm
_0818_,9.4µm
_1453_,9.4µm
cpu_instance.ir.instructions\[3\]\[6\],9.4µm
uio_in[3],9.36µm
cpu_instance.ir.instructions\[8\]\[2\],9.34µm
_1433_,9.26µm
net486,9.26µm
_1340_,9.24µm
net722,9.24µm
net669,9.22µm
cpu_instance.OR.memory\[22\]\[7\],9.2µm
net357,9.2µm
net451,9.2µm
_1362_,9.18µm
cpu_instance.OR.memory\[18\]\[7\],9.16µm
_0502_,9.145µm
_0939_,9.14µm
_1219_,9.14µm
cpu_instance.ir.instructions\[20\]\[2\],9.14µm
_1443_,9.1µm
_1302_,9.08µm
net315,9.06µm
_0731_,9.04µm
_1192_,9.04µm
cpu_instance.OR.memory\[29\]\[1\],9.04µm
_1261_,9.02µm
cpu_instance.OR.memory\[21\]\[1\],9.02µm
net311,9.02µm
net713,9.02µm
net584,8.98µm
net666,8.98µm
_0581_,8.96µm
cpu_instance.acc.alu_result\[3\],8.94µm
_1040_,8.925µm
_0812_,8.9µm
_0891_,8.88µm
_1298_,8.88µm
net728,8.86µm
_0797_,8.84µm
net466,8.84µm
_1328_,8.82µm
net642,8.82µm
_1410_,8.74µm
_1112_,8.72µm
net528,8.72µm
net711,8.72µm
cpu_instance.OR.memory\[12\]\[2\],8.7µm
cpu_instance.ir.instructions\[28\]\[7\],8.7µm
_1115_,8.68µm
_1152_,8.68µm
_1182_,8.645µm
_0944_,8.64µm
net400,8.64µm
_0221_,8.635µm
uio_in[2],8.63µm
_0899_,8.62µm
_0911_,8.62µm
cpu_instance.dr.memory\[0\]\[6\],8.62µm
_0815_,8.6µm
_0019_,8.575µm
_0820_,8.56µm
_0876_,8.56µm
_1144_,8.56µm
cpu_instance.dr.memory\[9\]\[3\],8.56µm
net677,8.56µm
_1475_,8.535µm
_1102_,8.52µm
cpu_instance.dr.memory\[14\]\[0\],8.52µm
net416,8.52µm
net720,8.52µm
cpu_instance.OR.memory\[8\]\[0\],8.5µm
_0071_,8.485µm
_1027_,8.48µm
net474,8.44µm
cpu_instance.ir.instructions\[3\]\[1\],8.43µm
_1411_,8.42µm
net586,8.4µm
net731,8.4µm
_0306_,8.395µm
_0907_,8.38µm
net544,8.38µm
_1338_,8.36µm
uo_out[5],8.34µm
cpu_instance.OR.memory\[19\]\[0\],8.32µm
cpu_instance.OR.memory\[31\]\[0\],8.32µm
cpu_instance.ir.instructions\[19\]\[6\],8.32µm
_0530_,8.305µm
net707,8.28µm
_0869_,8.26µm
_1161_,8.24µm
_1451_,8.24µm
net327,8.24µm
_0105_,8.225µm
_1125_,8.22µm
cpu_instance.OR.memory\[16\]\[1\],8.2µm
cpu_instance.OR.memory\[21\]\[2\],8.2µm
_0751_,8.18µm
net737,8.18µm
_1367_,8.16µm
net242,8.16µm
_0681_,8.15µm
_0777_,8.14µm
net515,8.14µm
_1322_,8.12µm
_1427_,8.12µm
_0933_,8.1µm
cpu_instance.OR.memory\[20\]\[0\],8.1µm
cpu_instance.OR.memory\[27\]\[0\],8.1µm
cpu_instance.dr.memory\[10\]\[2\],8.1µm
_0184_,8.065µm
net629,8.06µm
_1368_,8.04µm
cpu_instance.dr.memory\[8\]\[5\],8.04µm
cpu_instance.dr.memory\[8\]\[7\],8.04µm
_0351_,8.035µm
_1254_,8.02µm
_1353_,8.02µm
_1337_,7.98µm
_0378_,7.925µm
_0638_,7.92µm
net352,7.92µm
net588,7.92µm
cpu_instance.ir.instructions\[16\]\[3\],7.9µm
net279,7.9µm
cpu_instance.OR.memory\[27\]\[7\],7.88µm
net673,7.88µm
_1471_,7.86µm
cpu_instance.OR.memory\[28\]\[0\],7.86µm
cpu_instance.dr.memory\[0\]\[2\],7.86µm
net592,7.86µm
_1258_,7.85µm
_0732_,7.84µm
net395,7.84µm
net437,7.84µm
net600,7.84µm
_1230_,7.82µm
net556,7.8µm
cpu_instance.OR.memory\[30\]\[1\],7.78µm
_1097_,7.77µm
cpu_instance.OR.memory\[13\]\[1\],7.74µm
_0358_,7.725µm
_0949_,7.72µm
_0615_,7.68µm
_0720_,7.68µm
_1136_,7.68µm
net477,7.68µm
_1224_,7.66µm
_1329_,7.66µm
_0991_,7.655µm
_0796_,7.64µm
_1028_,7.64µm
net719,7.64µm
_1461_,7.62µm
_0749_,7.6µm
net218,7.6µm
net656,7.6µm
_1318_,7.58µm
_0947_,7.57µm
_0817_,7.56µm
_1256_,7.56µm
cpu_instance.dr.memory\[7\]\[6\],7.56µm
net603,7.56µm
net546,7.52µm
net616,7.52µm
_0098_,7.505µm
_0101_,7.505µm
_0217_,7.465µm
_0969_,7.45µm
net406,7.42µm
net739,7.42µm
net596,7.4µm
_1350_,7.38µm
net494,7.38µm
net633,7.38µm
_0177_,7.365µm
net591,7.36µm
_0003_,7.34µm
cpu_instance.OR.memory\[17\]\[1\],7.32µm
net388,7.3µm
_0011_,7.245µm
_0396_,7.245µm
_0995_,7.2µm
_1196_,7.2µm
_1360_,7.2µm
_0466_,7.185µm
_0697_,7.18µm
_1205_,7.18µm
cpu_instance.OR.memory\[30\]\[0\],7.18µm
net526,7.18µm
_0049_,7.165µm
_0385_,7.145µm
_0425_,7.145µm
_0927_,7.14µm
cpu_instance.ir.instructions\[27\]\[5\],7.12µm
_0825_,7.1µm
_1293_,7.08µm
cpu_instance.OR.memory\[31\]\[7\],7.08µm
_0188_,7.075µm
_0808_,7.06µm
_1247_,7.06µm
_1438_,7.06µm
net530,7.06µm
_1047_,7.05µm
_0255_,7.045µm
_1455_,7.04µm
_0146_,7.025µm
net359,7µm
_0268_,6.985µm
net620,6.98µm
_1285_,6.96µm
net578,6.96µm
net619,6.96µm
_0983_,6.94µm
cpu_instance.OR.memory\[26\]\[7\],6.94µm
net736,6.94µm
_0528_,6.905µm
_1345_,6.86µm
cpu_instance.OR.memory\[31\]\[2\],6.86µm
cpu_instance.ir.instructions\[19\]\[4\],6.86µm
_1270_,6.84µm
_0009_,6.825µm
_0103_,6.825µm
_0123_,6.825µm
_0142_,6.825µm
_0193_,6.825µm
_0222_,6.825µm
_0367_,6.825µm
_0544_,6.825µm
_0175_,6.785µm
_0555_,6.785µm
_1311_,6.78µm
_0693_,6.76µm
_0769_,6.76µm
_0714_,6.72µm
_0908_,6.72µm
_1195_,6.72µm
_1234_,6.72µm
_1378_,6.72µm
_1415_,6.72µm
net472,6.72µm
_0013_,6.705µm
_0201_,6.705µm
_0254_,6.705µm
_0345_,6.695µm
_1107_,6.69µm
_1407_,6.64µm
_0190_,6.605µm
_0588_,6.6µm
_0800_,6.6µm
net358,6.6µm
net585,6.54µm
net721,6.54µm
_1081_,6.52µm
_1109_,6.52µm
_1179_,6.52µm
_1197_,6.52µm
net567,6.52µm
_0411_,6.5µm
_0624_,6.5µm
net403,6.5µm
net407,6.5µm
net487,6.5µm
net448,6.48µm
_0064_,6.465µm
_0223_,6.465µm
_0542_,6.465µm
_0710_,6.46µm
_0275_,6.44µm
net396,6.44µm
net433,6.44µm
net706,6.44µm
_1397_,6.4µm
cpu_instance.dr.memory\[2\]\[5\],6.4µm
cpu_instance.ir.instructions\[13\]\[3\],6.4µm
_0606_,6.38µm
_0023_,6.365µm
_0039_,6.365µm
_0075_,6.365µm
_0082_,6.365µm
_0106_,6.365µm
_0108_,6.365µm
_0110_,6.365µm
_0152_,6.365µm
_0161_,6.365µm
_0179_,6.365µm
_0192_,6.365µm
_0228_,6.365µm
_0313_,6.365µm
_0422_,6.365µm
_0545_,6.365µm
_0173_,6.355µm
_0392_,6.345µm
_0510_,6.32µm
_1000_,6.32µm
net413,6.32µm
_0924_,6.3µm
_1093_,6.3µm
cpu_instance.ir.instructions\[4\]\[4\],6.3µm
ui_in[4],6.3µm
_1357_,6.28µm
cpu_instance.ir.instructions\[4\]\[2\],6.28µm
_0004_,6.26µm
_0085_,6.235µm
_0052_,6.225µm
_0287_,6.225µm
_0977_,6.2µm
cpu_instance.ir.instructions\[3\]\[4\],6.2µm
_0627_,6.18µm
_0889_,6.18µm
_1472_,6.18µm
cpu_instance.ir.instructions\[16\]\[0\],6.18µm
net422,6.18µm
net553,6.18µm
net685,6.18µm
_0634_,6.14µm
_0641_,6.14µm
cpu_instance.OR.memory\[30\]\[7\],6.14µm
net367,6.14µm
net398,6.14µm
net417,6.14µm
net443,6.14µm
net643,6.14µm
_0424_,6.105µm
_0047_,6.085µm
_0327_,6.08µm
net372,6.08µm
_1120_,6.06µm
_1255_,6.06µm
_1413_,6.06µm
cpu_instance.ir.instructions\[4\]\[7\],6.06µm
net508,6.06µm
cpu_instance.dr.memory\[3\]\[5\],6.04µm
cpu_instance.ir.instructions\[26\]\[1\],6.04µm
net456,6.04µm
net727,6.04µm
net730,6.04µm
_0724_,6.02µm
net653,6.02µm
net293,5.98µm
net385,5.98µm
net510,5.98µm
net577,5.98µm
_0766_,5.94µm
_1035_,5.94µm
cpu_instance.ir.instructions\[4\]\[6\],5.94µm
cpu_instance.ir.instructions\[6\]\[5\],5.94µm
_1352_,5.92µm
net408,5.92µm
_0639_,5.9µm
_0027_,5.865µm
_0640_,5.86µm
_1259_,5.84µm
net714,5.84µm
_1331_,5.82µm
_0404_,5.815µm
_0844_,5.8µm
_1178_,5.8µm
_1437_,5.78µm
_0087_,5.775µm
_0270_,5.775µm
_0095_,5.765µm
_0271_,5.765µm
_0322_,5.765µm
_0372_,5.765µm
_1056_,5.74µm
_1078_,5.74µm
_1155_,5.72µm
_1326_,5.72µm
_1402_,5.72µm
cpu_instance.OR.memory\[17\]\[7\],5.72µm
net438,5.72µm
net439,5.72µm
_0653_,5.68µm
_0955_,5.68µm
_1072_,5.68µm
_1264_,5.68µm
_1315_,5.68µm
_1346_,5.68µm
net387,5.68µm
_0029_,5.645µm
_0107_,5.645µm
_0144_,5.645µm
_0203_,5.625µm
net431,5.62µm
net540,5.62µm
_1394_,5.6µm
_1403_,5.6µm
cpu_instance.dr.memory\[2\]\[6\],5.6µm
net382,5.6µm
net346,5.58µm
net522,5.58µm
net654,5.58µm
_1395_,5.56µm
_0006_,5.545µm
_0058_,5.545µm
_0214_,5.545µm
net607,5.52µm
net611,5.52µm
net681,5.52µm
net726,5.52µm
_0001_,5.5µm
_1175_,5.48µm
cpu_instance.acc.alu_result\[1\],5.48µm
net428,5.48µm
_0535_,5.475µm
cpu_instance.dr.memory\[10\]\[3\],5.38µm
cpu_instance.dr.memory\[1\]\[5\],5.36µm
_0643_,5.34µm
_0804_,5.34µm
_1032_,5.34µm
_1153_,5.34µm
_1237_,5.34µm
net321,5.34µm
net709,5.34µm
_0045_,5.305µm
_0126_,5.305µm
_0178_,5.305µm
_0191_,5.305µm
_0236_,5.305µm
_0113_,5.285µm
_1123_,5.28µm
_1180_,5.28µm
_0231_,5.265µm
_1456_,5.26µm
_1463_,5.26µm
cpu_instance.ir.instructions\[7\]\[2\],5.26µm
net517,5.26µm
_0579_,5.22µm
_0605_,5.22µm
_0689_,5.22µm
_1454_,5.22µm
net411,5.22µm
_0139_,5.185µm
_0356_,5.185µm
_0526_,5.185µm
_0532_,5.185µm
_0148_,5.165µm
_0524_,5.165µm
_0066_,5.16µm
_1250_,5.16µm
net626,5.16µm
net664,5.16µm
_1363_,5.14µm
cpu_instance.OR.memory\[24\]\[0\],5.14µm
_0553_,5.135µm
_0768_,5.12µm
net348,5.12µm
net690,5.12µm
_0364_,5.115µm
_0157_,5.085µm
_0330_,5.085µm
_0333_,5.085µm
_0531_,5.065µm
net424,5.06µm
net514,5.06µm
net516,5.06µm
_0149_,5.045µm
_1436_,5.04µm
net549,5.04µm
_0926_,5.02µm
_1309_,5.02µm
_0362_,5.015µm
_1166_,5µm
_0363_,4.995µm
_0239_,4.985µm
_1386_,4.98µm
_0757_,4.94µm
_1143_,4.94µm
_1065_,4.92µm
_1206_,4.92µm
_1276_,4.92µm
_1304_,4.92µm
net683,4.92µm
_1291_,4.91µm
_1269_,4.9µm
_1349_,4.9µm
_0329_,4.895µm
_0002_,4.88µm
_0782_,4.88µm
_0965_,4.88µm
_1054_,4.88µm
net740,4.88µm
_0055_,4.845µm
_0063_,4.845µm
_0220_,4.845µm
_0516_,4.845µm
_1171_,4.82µm
_1330_,4.82µm
_1408_,4.82µm
_1044_,4.8µm
_1086_,4.8µm
_1369_,4.8µm
_1476_,4.8µm
net380,4.8µm
net461,4.8µm
net465,4.8µm
net469,4.8µm
net452,4.76µm
_0276_,4.725µm
_1242_,4.7µm
net573,4.7µm
net743,4.7µm
_1442_,4.68µm
_1452_,4.68µm
net566,4.66µm
_0017_,4.625µm
_0032_,4.625µm
_0130_,4.625µm
_0010_,4.605µm
net548,4.6µm
_0337_,4.585µm
_0210_,4.56µm
_1218_,4.56µm
_0250_,4.54µm
_0121_,4.505µm
_0343_,4.485µm
_0612_,4.48µm
_0780_,4.46µm
_0913_,4.46µm
_1110_,4.46µm
_1223_,4.46µm
net710,4.46µm
_1468_,4.42µm
_0091_,4.385µm
_0102_,4.385µm
_0127_,4.385µm
_0147_,4.385µm
_0368_,4.385µm
_0370_,4.385µm
_0381_,4.385µm
_1183_,4.36µm
_0656_,4.34µm
_0831_,4.34µm
_0842_,4.34µm
net462,4.34µm
net665,4.34µm
_0163_,4.315µm
_0609_,4.31µm
_0297_,4.295µm
_0543_,4.265µm
_0261_,4.245µm
_0277_,4.24µm
_1251_,4.24µm
net435,4.24µm
net454,4.24µm
net593,4.24µm
_0837_,4.22µm
_0857_,4.22µm
_1336_,4.2µm
net410,4.2µm
_0033_,4.165µm
_0056_,4.165µm
_0185_,4.165µm
_0317_,4.165µm
_0224_,4.145µm
_0898_,4.14µm
_0915_,4.14µm
_1320_,4.14µm
_1448_,4.115µm
cpu_instance.dr.memory\[0\]\[5\],4.1µm
_0187_,4.08µm
_1169_,4.02µm
_1465_,4.02µm
_1445_,4µm
_1459_,4µm
cpu_instance.acc.alu_result\[6\],4µm
cpu_instance.dr.memory\[11\]\[2\],4µm
net251,4µm
_0059_,3.975µm
_0344_,3.975µm
_0488_,3.965µm
_0134_,3.925µm
_0247_,3.925µm
_0272_,3.925µm
_0312_,3.925µm
_0318_,3.925µm
_0355_,3.925µm
_1313_,3.9µm
_1406_,3.9µm
_1226_,3.88µm
net360,3.88µm
net430,3.88µm
_0065_,3.805µm
_0131_,3.805µm
_0156_,3.805µm
_0012_,3.785µm
_0030_,3.78µm
_0279_,3.78µm
_0281_,3.78µm
_0361_,3.78µm
_1117_,3.78µm
net425,3.78µm
net552,3.78µm
_0613_,3.76µm
_0702_,3.76µm
_1342_,3.76µm
cpu_instance.OR.memory\[15\]\[6\],3.76µm
net498,3.74µm
net572,3.74µm
_0167_,3.735µm
_0125_,3.705µm
_0262_,3.705µm
_0264_,3.705µm
_0323_,3.705µm
_0332_,3.705µm
_0550_,3.705µm
_0263_,3.685µm
_1084_,3.68µm
_1147_,3.68µm
net375,3.68µm
net442,3.68µm
_1174_,3.66µm
cpu_instance.ir.program_counter\[0\],3.66µm
cpu_instance.OR.memory\[17\]\[2\],3.64µm
net547,3.64µm
_0112_,3.585µm
_0117_,3.585µm
_0256_,3.585µm
ui_in[7],3.58µm
_0608_,3.54µm
_1332_,3.54µm
_1473_,3.54µm
net230,3.54µm
net459,3.54µm
net679,3.54µm
net717,3.54µm
_0662_,3.52µm
_0235_,3.515µm
_0020_,3.465µm
_0035_,3.465µm
_0042_,3.465µm
_0061_,3.465µm
_0081_,3.465µm
_0114_,3.465µm
_0115_,3.465µm
_0116_,3.465µm
_0140_,3.465µm
_0141_,3.465µm
_0145_,3.465µm
_0162_,3.465µm
_0168_,3.465µm
_0205_,3.465µm
_0211_,3.465µm
_0229_,3.465µm
_0284_,3.465µm
_0285_,3.465µm
_0288_,3.465µm
_0324_,3.465µm
_0331_,3.465µm
_0360_,3.465µm
_0373_,3.465µm
_0382_,3.465µm
_0536_,3.465µm
_0158_,3.44µm
_1030_,3.44µm
_1358_,3.42µm
net539,3.42µm
_0031_,3.345µm
_0124_,3.345µm
_0199_,3.345µm
_0238_,3.345µm
_0305_,3.345µm
_0377_,3.345µm
_0525_,3.345µm
_0537_,3.345µm
_0538_,3.345µm
_0551_,3.345µm
_0556_,3.345µm
_0213_,3.34µm
_0037_,3.32µm
_0294_,3.32µm
_0350_,3.32µm
_0973_,3.315µm
_0016_,3.245µm
_0046_,3.245µm
_0089_,3.245µm
_0128_,3.245µm
_0176_,3.245µm
_0189_,3.245µm
_0242_,3.245µm
_0269_,3.245µm
_0286_,3.245µm
_0290_,3.245µm
_0354_,3.245µm
_0357_,3.245µm
_0403_,3.245µm
_0302_,3.225µm
_0700_,3.22µm
_0938_,3.22µm
_1113_,3.22µm
_1266_,3.22µm
net384,3.22µm
net511,3.22µm
_0877_,3.2µm
_1283_,3.2µm
_1351_,3.2µm
_1446_,3.2µm
net402,3.2µm
net545,3.2µm
_1435_,3.18µm
_0048_,3.175µm
_0054_,3.175µm
_0070_,3.175µm
_0137_,3.175µm
_0155_,3.175µm
_0170_,3.175µm
_0186_,3.175µm
_0151_,3.165µm
_0166_,3.165µm
_0366_,3.165µm
_0552_,3.165µm
_0212_,3.145µm
_0078_,3.125µm
_0181_,3.125µm
_0249_,3.125µm
_0320_,3.125µm
_0346_,3.125µm
_1210_,3.1µm
_1246_,3.1µm
_1462_,3.1µm
_1469_,3.1µm
_1146_,3.08µm
_1325_,3.08µm
net563,3.08µm
net634,3.08µm
net680,3.08µm
net708,3.08µm
_0051_,3.045µm
_0090_,3.045µm
_0197_,3.045µm
_0309_,3.045µm
_0341_,3.045µm
_0036_,3.005µm
_0040_,3.005µm
_0044_,3.005µm
_0133_,3.005µm
_0169_,3.005µm
_0226_,3.005µm
_0244_,3.005µm
_0266_,3.005µm
_0310_,3.005µm
_0328_,3.005µm
_0534_,3.005µm
_0129_,2.98µm
_1383_,2.98µm
_0582_,2.96µm
_0657_,2.96µm
_1082_,2.96µm
_1099_,2.96µm
_1176_,2.96µm
_1244_,2.96µm
_1267_,2.96µm
_1275_,2.96µm
_1439_,2.96µm
_1466_,2.96µm
net432,2.96µm
_0093_,2.955µm
_0311_,2.955µm
_0194_,2.885µm
_0265_,2.885µm
_0293_,2.885µm
_0375_,2.885µm
_0321_,2.88µm
_0025_,2.86µm
_0050_,2.86µm
_0326_,2.86µm
_0353_,2.86µm
_0708_,2.86µm
_1262_,2.86µm
_1282_,2.86µm
net378,2.86µm
net470,2.86µm
net625,2.86µm
_0180_,2.835µm
_0008_,2.785µm
_0034_,2.785µm
_0038_,2.785µm
_0043_,2.785µm
_0068_,2.785µm
_0072_,2.785µm
_0074_,2.785µm
_0076_,2.785µm
_0084_,2.785µm
_0092_,2.785µm
_0096_,2.785µm
_0104_,2.785µm
_0111_,2.785µm
_0119_,2.785µm
_0120_,2.785µm
_0132_,2.785µm
_0154_,2.785µm
_0165_,2.785µm
_0171_,2.785µm
_0200_,2.785µm
_0202_,2.785µm
_0218_,2.785µm
_0232_,2.785µm
_0260_,2.785µm
_0291_,2.785µm
_0316_,2.785µm
_0336_,2.785µm
_0338_,2.785µm
_0339_,2.785µm
_0349_,2.785µm
_0365_,2.785µm
_0371_,2.785µm
_0374_,2.785µm
_0376_,2.785µm
_0380_,2.785µm
_0391_,2.785µm
_0539_,2.785µm
_0541_,2.785µm
_0805_,2.76µm
_1172_,2.76µm
_1474_,2.76µm
cpu_instance.acc.alu_result\[7\],2.76µm
net427,2.76µm
net595,2.76µm
net604,2.76µm
_1245_,2.74µm
net533,2.74µm
_0053_,2.715µm
_0159_,2.715µm
_0160_,2.715µm
_0298_,2.715µm
_0018_,2.705µm
_0057_,2.705µm
_1068_,2.64µm
_1083_,2.64µm
_1478_,2.64µm
net404,2.64µm
_0676_,2.62µm
_0814_,2.62µm
_0954_,2.62µm
_1227_,2.62µm
_1288_,2.62µm
net638,2.62µm
net645,2.62µm
net674,2.62µm
_0506_,2.595µm
_0086_,2.585µm
_0164_,2.585µm
_0246_,2.585µm
_0274_,2.585µm
_0014_,2.545µm
_0041_,2.545µm
_0138_,2.545µm
_0195_,2.545µm
_0219_,2.545µm
_0280_,2.545µm
_0289_,2.545µm
_0303_,2.545µm
_0369_,2.545µm
_0421_,2.545µm
_0554_,2.545µm
_0576_,2.52µm
_1348_,2.52µm
net716,2.52µm
_0688_,2.5µm
_1031_,2.5µm
_1280_,2.5µm
_1324_,2.5µm
net559,2.5µm
_0340_,2.495µm
_0182_,2.425µm
_0183_,2.425µm
_0077_,2.42µm
_0245_,2.42µm
_0278_,2.42µm
net524,2.4µm
net582,2.4µm
net684,2.4µm
_0921_,2.39µm
_0094_,2.38µm
_1164_,2.38µm
_1371_,2.38µm
_0060_,2.375µm
_0079_,2.375µm
_0150_,2.375µm
_0240_,2.375µm
_0257_,2.375µm
_0335_,2.375µm
_0393_,2.375µm
_0546_,2.375µm
_0007_,2.325µm
_0062_,2.325µm
_0080_,2.325µm
_0083_,2.325µm
_0109_,2.325µm
_0174_,2.325µm
_0204_,2.325µm
_0216_,2.325µm
_0248_,2.325µm
_0296_,2.325µm
_0300_,2.325µm
_0342_,2.325µm
_0347_,2.325µm
_0352_,2.325µm
_0423_,2.325µm
_0540_,2.325µm
_0858_,2.3µm
_1085_,2.3µm
_1101_,2.3µm
net335,2.3µm
net371,2.3µm
net392,2.3µm
net414,2.3µm
net444,2.3µm
net455,2.3µm
net463,2.3µm
net479,2.3µm
net482,2.3µm
net495,2.3µm
net496,2.3µm
net520,2.3µm
net529,2.3µm
net571,2.3µm
net594,2.3µm
net628,2.3µm
_0764_,2.29µm
_0919_,2.28µm
_0984_,2.28µm
_0073_,2.255µm
_0021_,2.205µm
_1292_,2.18µm
_1401_,2.18µm
_0628_,2.16µm
_0664_,2.16µm
_0692_,2.16µm
_0982_,2.16µm
_1122_,2.16µm
_1138_,2.16µm
_1186_,2.16µm
_1366_,2.16µm
net668,2.16µm
net688,2.16µm
_0067_,2.125µm
_0100_,2.125µm
_0122_,2.125µm
_0135_,2.125µm
_0172_,2.125µm
_0215_,2.125µm
_0225_,2.125µm
_0227_,2.125µm
_0233_,2.125µm
_0234_,2.085µm
_0237_,2.085µm
_0241_,2.085µm
_0251_,2.085µm
_0304_,2.085µm
_0308_,2.085µm
_0334_,2.085µm
_0507_,2.085µm
_0529_,2.085µm
_1277_,2.06µm
_1356_,2.06µm
_1449_,2.06µm
_1134_,2.04µm
_1241_,2.04µm
_1375_,2.04µm
_1460_,2.04µm
_0118_,2.035µm
_0307_,2.035µm
_0022_,2.025µm
_0024_,2.025µm
_0028_,2.025µm
_0207_,2.025µm
_0299_,2.025µm
_0348_,2.025µm
_0533_,2.025µm
_0548_,2.025µm
_0739_,1.94µm
_1399_,1.94µm
net368,1.94µm
net447,1.94µm
net705,1.94µm
_0015_,1.865µm
_0088_,1.865µm
_0099_,1.865µm
_0136_,1.865µm
_0143_,1.865µm
_0153_,1.865µm
_0196_,1.865µm
_0198_,1.865µm
_0206_,1.865µm
_0208_,1.865µm
_0209_,1.865µm
_0230_,1.865µm
_0258_,1.865µm
_0267_,1.865µm
_0273_,1.865µm
_0282_,1.865µm
_0283_,1.865µm
_0292_,1.865µm
_0295_,1.865µm
_0325_,1.865µm
_0359_,1.865µm
_0394_,1.865µm
_0527_,1.865µm
_1149_,1.84µm
_1200_,1.84µm
net561,1.84µm
net581,1.84µm
net641,1.84µm
net678,1.84µm
net700,1.84µm
net753,1.84µm
_0990_,1.82µm
_1343_,1.82µm
cpu_instance.acc.alu_result\[2\],1.82µm
_0005_,1.745µm
_1327_,1.72µm
_1404_,1.72µm
_1441_,1.72µm
_0890_,1.7µm
_0905_,1.7µm
_0925_,1.7µm
_1156_,1.7µm
_0315_,1.575µm
_0379_,1.575µm
_0549_,1.575µm
net521,1.48µm
_0026_,1.405µm
_0097_,1.405µm
_1013_,1.26µm
_1232_,1.26µm
_1464_,1.26µm
_1141_,1.25µm
_0950_,1.15µm
_1140_,1.02µm
_1253_,1.02µm
net347,1.02µm
net421,1.02µm
_0719_,0.92µm
_0838_,0.92µm
_1080_,0.92µm
_1477_,0.92µm
_1201_,0.8µm
_1418_,0.8µm
_0839_,0.46µm
_1191_,0.46µm
_1365_,0.46µm
