Metric,Value
design__lint_error__count,0
design__lint_timing_construct__count,0
design__lint_warning__count,0
design__inferred_latch__count,0
design__instance__count,3988
design__instance__area,33771.1
design__instance_unmapped__count,0
synthesis__check_error__count,0
design__max_slew_violation__count__corner:nom_tt_025C_1v80,0
design__max_fanout_violation__count__corner:nom_tt_025C_1v80,26
design__max_cap_violation__count__corner:nom_tt_025C_1v80,0
power__internal__total,0.0005879487725906074
power__switching__total,0.0003936445864383131
power__leakage__total,3.852406393889396e-08
power__total,0.0009816319216042757
clock__skew__worst_hold__corner:nom_tt_025C_1v80,-0.051804
clock__skew__worst_setup__corner:nom_tt_025C_1v80,-0.051804
timing__hold__ws__corner:nom_tt_025C_1v80,0.393814
timing__setup__ws__corner:nom_tt_025C_1v80,72.256752
timing__hold__tns__corner:nom_tt_025C_1v80,0.0
timing__setup__tns__corner:nom_tt_025C_1v80,0.0
timing__hold__wns__corner:nom_tt_025C_1v80,0.0
timing__setup__wns__corner:nom_tt_025C_1v80,0.0
timing__hold_vio__count__corner:nom_tt_025C_1v80,0
timing__hold_r2r__ws__corner:nom_tt_025C_1v80,0.393814
timing__hold_r2r_vio__count__corner:nom_tt_025C_1v80,0
timing__setup_vio__count__corner:nom_tt_025C_1v80,0
timing__setup_r2r__ws__corner:nom_tt_025C_1v80,84.822006
timing__setup_r2r_vio__count__corner:nom_tt_025C_1v80,0
design__max_slew_violation__count__corner:nom_ss_100C_1v60,39
design__max_fanout_violation__count__corner:nom_ss_100C_1v60,26
design__max_cap_violation__count__corner:nom_ss_100C_1v60,0
clock__skew__worst_hold__corner:nom_ss_100C_1v60,-0.073948
clock__skew__worst_setup__corner:nom_ss_100C_1v60,-0.073948
timing__hold__ws__corner:nom_ss_100C_1v60,1.013283
timing__setup__ws__corner:nom_ss_100C_1v60,65.472282
timing__hold__tns__corner:nom_ss_100C_1v60,0.0
timing__setup__tns__corner:nom_ss_100C_1v60,0.0
timing__hold__wns__corner:nom_ss_100C_1v60,0.0
timing__setup__wns__corner:nom_ss_100C_1v60,0.0
timing__hold_vio__count__corner:nom_ss_100C_1v60,0
timing__hold_r2r__ws__corner:nom_ss_100C_1v60,1.013283
timing__hold_r2r_vio__count__corner:nom_ss_100C_1v60,0
timing__setup_vio__count__corner:nom_ss_100C_1v60,0
timing__setup_r2r__ws__corner:nom_ss_100C_1v60,69.610634
timing__setup_r2r_vio__count__corner:nom_ss_100C_1v60,0
design__max_slew_violation__count__corner:nom_ff_n40C_1v95,0
design__max_fanout_violation__count__corner:nom_ff_n40C_1v95,26
design__max_cap_violation__count__corner:nom_ff_n40C_1v95,0
clock__skew__worst_hold__corner:nom_ff_n40C_1v95,-0.039709
clock__skew__worst_setup__corner:nom_ff_n40C_1v95,-0.039709
timing__hold__ws__corner:nom_ff_n40C_1v95,0.164923
timing__setup__ws__corner:nom_ff_n40C_1v95,74.999428
timing__hold__tns__corner:nom_ff_n40C_1v95,0.0
timing__setup__tns__corner:nom_ff_n40C_1v95,0.0
timing__hold__wns__corner:nom_ff_n40C_1v95,0.0
timing__setup__wns__corner:nom_ff_n40C_1v95,0.0
timing__hold_vio__count__corner:nom_ff_n40C_1v95,0
timing__hold_r2r__ws__corner:nom_ff_n40C_1v95,0.164923
timing__hold_r2r_vio__count__corner:nom_ff_n40C_1v95,0
timing__setup_vio__count__corner:nom_ff_n40C_1v95,0
timing__setup_r2r__ws__corner:nom_ff_n40C_1v95,90.532951
timing__setup_r2r_vio__count__corner:nom_ff_n40C_1v95,0
design__max_slew_violation__count,50
design__max_fanout_violation__count,26
design__max_cap_violation__count,0
clock__skew__worst_hold,-0.035966
clock__skew__worst_setup,-0.085122
timing__hold__ws,0.155176
timing__setup__ws,64.89061
timing__hold__tns,0.0
timing__setup__tns,0.0
timing__hold__wns,0.0
timing__setup__wns,0.0
timing__hold_vio__count,0
timing__hold_r2r__ws,0.155176
timing__hold_r2r_vio__count,0
timing__setup_vio__count,0
timing__setup_r2r__ws,69.084885
timing__setup_r2r_vio__count,0
design__die__bbox,0.0 0.0 334.88 225.76
design__core__bbox,2.76 2.72 332.12 223.04
flow__warnings__count,1
flow__errors__count,0
design__io,45
design__die__area,75602.5
design__core__area,72564.6
design__instance__count__stdcell,3988
design__instance__area__stdcell,33771.1
design__instance__count__macros,0
design__instance__area__macros,0
design__instance__utilization,0.465394
design__instance__utilization__stdcell,0.465394
design__power_grid_violation__count__net:VGND,0
design__power_grid_violation__count__net:VPWR,0
design__power_grid_violation__count,0
timing__drv__floating__nets,0
timing__drv__floating__pins,0
design__instance__displacement__total,0
design__instance__displacement__mean,0
design__instance__displacement__max,0
route__wirelength__estimated,87500.4
design__violations,0
design__instance__count__setup_buffer,0
design__instance__count__hold_buffer,552
antenna__violating__nets,13
antenna__violating__pins,14
route__antenna_violation__count,13
route__net,2970
route__net__special,2
route__drc_errors__iter:1,4005
route__wirelength__iter:1,108294
route__drc_errors__iter:2,1510
route__wirelength__iter:2,106126
route__drc_errors__iter:3,1511
route__wirelength__iter:3,105780
route__drc_errors__iter:4,229
route__wirelength__iter:4,105727
route__drc_errors__iter:5,33
route__wirelength__iter:5,105718
route__drc_errors__iter:6,0
route__wirelength__iter:6,105726
route__drc_errors,0
route__wirelength,105726
route__vias,23417
route__vias__singlecut,23417
route__vias__multicut,0
design__disconnected_pin__count,2
design__critical_disconnected_pin__count,0
route__wirelength__max,422.23
timing__unannotated_net__count__corner:nom_tt_025C_1v80,18
timing__unannotated_net_filtered__count__corner:nom_tt_025C_1v80,0
timing__unannotated_net__count__corner:nom_ss_100C_1v60,18
timing__unannotated_net_filtered__count__corner:nom_ss_100C_1v60,0
timing__unannotated_net__count__corner:nom_ff_n40C_1v95,18
timing__unannotated_net_filtered__count__corner:nom_ff_n40C_1v95,0
design__max_slew_violation__count__corner:min_tt_025C_1v80,0
design__max_fanout_violation__count__corner:min_tt_025C_1v80,26
design__max_cap_violation__count__corner:min_tt_025C_1v80,0
clock__skew__worst_hold__corner:min_tt_025C_1v80,-0.047649
clock__skew__worst_setup__corner:min_tt_025C_1v80,-0.047649
timing__hold__ws__corner:min_tt_025C_1v80,0.378272
timing__setup__ws__corner:min_tt_025C_1v80,72.615723
timing__hold__tns__corner:min_tt_025C_1v80,0.0
timing__setup__tns__corner:min_tt_025C_1v80,0.0
timing__hold__wns__corner:min_tt_025C_1v80,0.0
timing__setup__wns__corner:min_tt_025C_1v80,0.0
timing__hold_vio__count__corner:min_tt_025C_1v80,0
timing__hold_r2r__ws__corner:min_tt_025C_1v80,0.378272
timing__hold_r2r_vio__count__corner:min_tt_025C_1v80,0
timing__setup_vio__count__corner:min_tt_025C_1v80,0
timing__setup_r2r__ws__corner:min_tt_025C_1v80,85.15197
timing__setup_r2r_vio__count__corner:min_tt_025C_1v80,0
timing__unannotated_net__count__corner:min_tt_025C_1v80,18
timing__unannotated_net_filtered__count__corner:min_tt_025C_1v80,0
design__max_slew_violation__count__corner:min_ss_100C_1v60,29
design__max_fanout_violation__count__corner:min_ss_100C_1v60,26
design__max_cap_violation__count__corner:min_ss_100C_1v60,0
clock__skew__worst_hold__corner:min_ss_100C_1v60,-0.067908
clock__skew__worst_setup__corner:min_ss_100C_1v60,-0.067908
timing__hold__ws__corner:min_ss_100C_1v60,0.985057
timing__setup__ws__corner:min_ss_100C_1v60,66.128769
timing__hold__tns__corner:min_ss_100C_1v60,0.0
timing__setup__tns__corner:min_ss_100C_1v60,0.0
timing__hold__wns__corner:min_ss_100C_1v60,0.0
timing__setup__wns__corner:min_ss_100C_1v60,0.0
timing__hold_vio__count__corner:min_ss_100C_1v60,0
timing__hold_r2r__ws__corner:min_ss_100C_1v60,0.985057
timing__hold_r2r_vio__count__corner:min_ss_100C_1v60,0
timing__setup_vio__count__corner:min_ss_100C_1v60,0
timing__setup_r2r__ws__corner:min_ss_100C_1v60,70.200752
timing__setup_r2r_vio__count__corner:min_ss_100C_1v60,0
timing__unannotated_net__count__corner:min_ss_100C_1v60,18
timing__unannotated_net_filtered__count__corner:min_ss_100C_1v60,0
design__max_slew_violation__count__corner:min_ff_n40C_1v95,0
design__max_fanout_violation__count__corner:min_ff_n40C_1v95,26
design__max_cap_violation__count__corner:min_ff_n40C_1v95,0
clock__skew__worst_hold__corner:min_ff_n40C_1v95,-0.035966
clock__skew__worst_setup__corner:min_ff_n40C_1v95,-0.035966
timing__hold__ws__corner:min_ff_n40C_1v95,0.155176
timing__setup__ws__corner:min_ff_n40C_1v95,75.238869
timing__hold__tns__corner:min_ff_n40C_1v95,0.0
timing__setup__tns__corner:min_ff_n40C_1v95,0.0
timing__hold__wns__corner:min_ff_n40C_1v95,0.0
timing__setup__wns__corner:min_ff_n40C_1v95,0.0
timing__hold_vio__count__corner:min_ff_n40C_1v95,0
timing__hold_r2r__ws__corner:min_ff_n40C_1v95,0.155176
timing__hold_r2r_vio__count__corner:min_ff_n40C_1v95,0
timing__setup_vio__count__corner:min_ff_n40C_1v95,0
timing__setup_r2r__ws__corner:min_ff_n40C_1v95,90.756989
timing__setup_r2r_vio__count__corner:min_ff_n40C_1v95,0
timing__unannotated_net__count__corner:min_ff_n40C_1v95,18
timing__unannotated_net_filtered__count__corner:min_ff_n40C_1v95,0
design__max_slew_violation__count__corner:max_tt_025C_1v80,5
design__max_fanout_violation__count__corner:max_tt_025C_1v80,26
design__max_cap_violation__count__corner:max_tt_025C_1v80,0
clock__skew__worst_hold__corner:max_tt_025C_1v80,-0.059572
clock__skew__worst_setup__corner:max_tt_025C_1v80,-0.059572
timing__hold__ws__corner:max_tt_025C_1v80,0.40785
timing__setup__ws__corner:max_tt_025C_1v80,71.935463
timing__hold__tns__corner:max_tt_025C_1v80,0.0
timing__setup__tns__corner:max_tt_025C_1v80,0.0
timing__hold__wns__corner:max_tt_025C_1v80,0.0
timing__setup__wns__corner:max_tt_025C_1v80,0.0
timing__hold_vio__count__corner:max_tt_025C_1v80,0
timing__hold_r2r__ws__corner:max_tt_025C_1v80,0.40785
timing__hold_r2r_vio__count__corner:max_tt_025C_1v80,0
timing__setup_vio__count__corner:max_tt_025C_1v80,0
timing__setup_r2r__ws__corner:max_tt_025C_1v80,84.53141
timing__setup_r2r_vio__count__corner:max_tt_025C_1v80,0
timing__unannotated_net__count__corner:max_tt_025C_1v80,18
timing__unannotated_net_filtered__count__corner:max_tt_025C_1v80,0
design__max_slew_violation__count__corner:max_ss_100C_1v60,50
design__max_fanout_violation__count__corner:max_ss_100C_1v60,26
design__max_cap_violation__count__corner:max_ss_100C_1v60,0
clock__skew__worst_hold__corner:max_ss_100C_1v60,-0.085122
clock__skew__worst_setup__corner:max_ss_100C_1v60,-0.085122
timing__hold__ws__corner:max_ss_100C_1v60,1.038743
timing__setup__ws__corner:max_ss_100C_1v60,64.89061
timing__hold__tns__corner:max_ss_100C_1v60,0.0
timing__setup__tns__corner:max_ss_100C_1v60,0.0
timing__hold__wns__corner:max_ss_100C_1v60,0.0
timing__setup__wns__corner:max_ss_100C_1v60,0.0
timing__hold_vio__count__corner:max_ss_100C_1v60,0
timing__hold_r2r__ws__corner:max_ss_100C_1v60,1.038743
timing__hold_r2r_vio__count__corner:max_ss_100C_1v60,0
timing__setup_vio__count__corner:max_ss_100C_1v60,0
timing__setup_r2r__ws__corner:max_ss_100C_1v60,69.084885
timing__setup_r2r_vio__count__corner:max_ss_100C_1v60,0
timing__unannotated_net__count__corner:max_ss_100C_1v60,18
timing__unannotated_net_filtered__count__corner:max_ss_100C_1v60,0
design__max_slew_violation__count__corner:max_ff_n40C_1v95,0
design__max_fanout_violation__count__corner:max_ff_n40C_1v95,26
design__max_cap_violation__count__corner:max_ff_n40C_1v95,0
clock__skew__worst_hold__corner:max_ff_n40C_1v95,-0.045741
clock__skew__worst_setup__corner:max_ff_n40C_1v95,-0.045741
timing__hold__ws__corner:max_ff_n40C_1v95,0.173303
timing__setup__ws__corner:max_ff_n40C_1v95,74.779076
timing__hold__tns__corner:max_ff_n40C_1v95,0.0
timing__setup__tns__corner:max_ff_n40C_1v95,0.0
timing__hold__wns__corner:max_ff_n40C_1v95,0.0
timing__setup__wns__corner:max_ff_n40C_1v95,0.0
timing__hold_vio__count__corner:max_ff_n40C_1v95,0
timing__hold_r2r__ws__corner:max_ff_n40C_1v95,0.173303
timing__hold_r2r_vio__count__corner:max_ff_n40C_1v95,0
timing__setup_vio__count__corner:max_ff_n40C_1v95,0
timing__setup_r2r__ws__corner:max_ff_n40C_1v95,90.320557
timing__setup_r2r_vio__count__corner:max_ff_n40C_1v95,0
timing__unannotated_net__count__corner:max_ff_n40C_1v95,18
timing__unannotated_net_filtered__count__corner:max_ff_n40C_1v95,0
timing__unannotated_net__count,18
timing__unannotated_net_filtered__count,0
design_powergrid__voltage__worst__net:VPWR__corner:nom_tt_025C_1v80,1.79996
design_powergrid__drop__average__net:VPWR__corner:nom_tt_025C_1v80,1.8
design_powergrid__drop__worst__net:VPWR__corner:nom_tt_025C_1v80,0.0000418875
design_powergrid__voltage__worst__net:VGND__corner:nom_tt_025C_1v80,0.0000401181
design_powergrid__drop__average__net:VGND__corner:nom_tt_025C_1v80,0.00000417777
design_powergrid__drop__worst__net:VGND__corner:nom_tt_025C_1v80,0.0000401181
ir__voltage__worst,1.8000000000000000444089209850062616169452667236328125
ir__drop__avg,0.00000366000000000000010966379714039131698655182844959199428558349609375
ir__drop__worst,0.000041900000000000002021473266555773307118215598165988922119140625
magic__drc_error__count,0
magic__illegal_overlap__count,0
design__lvs_device_difference__count,0
design__lvs_net_difference__count,0
design__lvs_property_fail__count,0
design__lvs_error__count,0
design__lvs_unmatched_device__count,0
design__lvs_unmatched_net__count,0
design__lvs_unmatched_pin__count,0
