<?xml version="1.0" encoding="utf-8"?>
<report-database>
 <description>pin_label_purposes_overlapping_drawing.rb.drc, input=/home/runner/work/Verilog-CPU/Verilog-CPU/tt_submission/tt_um_CPU_Lemme.gds, topcell=</description>
 <original-file/>
 <generator>drc: script='tech-files/pin_label_purposes_overlapping_drawing.rb.drc'</generator>
 <top-cell>tt_um_CPU_Lemme</top-cell>
 <tags>
 </tags>
 <categories>
 </categories>
 <cells>
  <cell>
   <name>tt_um_CPU_Lemme</name>
   <variant/>
   <references>
   </references>
  </cell>
 </cells>
 <items>
 </items>
</report-database>
