{
	"design__instance__displacement__total": 0,
	"design__instance__displacement__mean": 0,
	"design__instance__displacement__max": 0,
	"route__wirelength__estimated": 52319.7,
	"design__violations": 0,
	"design__violations": 0,
	"design__io": 45,
	"design__die__area": 75602.5,
	"design__core__area": 72564.6,
	"design__instance__count": 3409,
	"design__instance__area": 27840.5,
	"design__instance__count__stdcell": 3409,
	"design__instance__area__stdcell": 27840.5,
	"design__instance__count__macros": 0,
	"design__instance__area__macros": 0,
	"design__instance__utilization": 0.383664,
	"design__instance__utilization__stdcell": 0.383664,
	"flow__warnings__count": 0,
	"flow__errors__count": 0
}