{
   "creator": "Yosys 0.38 (git sha1 543faed9c8c, clang++ 16.0.6 -fPIC -Os)",
   "invocation": "stat -json -liberty /home/runner/work/Verilog-CPU/Verilog-CPU/runs/wokwi/tmp/1f50c6788f174c9c85ace835f3172bf6.lib ",
   "modules": {
      "\\tt_um_CPU_Lemme": {
         "num_wires":         1908,
         "num_wire_bits":     2522,
         "num_pub_wires":     98,
         "num_pub_wire_bits": 704,
         "num_memories":      0,
         "num_memory_bits":   0,
         "num_processes":     0,
         "num_cells":         2482,
         "num_cells_by_type": {
            "$_ANDNOT_": 322,
            "$_AND_": 18,
            "$_DFFE_PP_": 640,
            "$_DFF_PN0_": 13,
            "$_MUX_": 675,
            "$_NAND_": 27,
            "$_NOR_": 32,
            "$_NOT_": 406,
            "$_ORNOT_": 61,
            "$_OR_": 141,
            "$_XNOR_": 39,
            "$_XOR_": 108
         }
      }
   },
      "design": {
         "num_wires":         1908,
         "num_wire_bits":     2522,
         "num_pub_wires":     98,
         "num_pub_wire_bits": 704,
         "num_memories":      0,
         "num_memory_bits":   0,
         "num_processes":     0,
         "num_cells":         2482,
         "num_cells_by_type": {
            "$_ANDNOT_": 322,
            "$_AND_": 18,
            "$_DFFE_PP_": 640,
            "$_DFF_PN0_": 13,
            "$_MUX_": 675,
            "$_NAND_": 27,
            "$_NOR_": 32,
            "$_NOT_": 406,
            "$_ORNOT_": 61,
            "$_OR_": 141,
            "$_XNOR_": 39,
            "$_XOR_": 108
         }
      }
}

