{
    "time": {
        "cpu_time_user": "00:00:04.280",
        "cpu_time_system": "00:00:00.180",
        "runtime": "00:00:04.521",
        "cpu_time_iowait": "00:00:00.000"
    },
    "peak_resources": {
        "cpu_percent": 109.5,
        "memory_rss": "160MiB",
        "memory_vms": "294MiB",
        "threads": 2
    },
    "avg_resources": {
        "cpu_percent": 94.43829787234043,
        "memory_rss": "135MiB",
        "memory_vms": "263MiB",
        "threads": 1.9148936170212767
    }
}