{
    "time": {
        "cpu_time_user": "00:00:06.879",
        "cpu_time_system": "00:00:00.140",
        "runtime": "00:00:07.132",
        "cpu_time_iowait": "00:00:00.000"
    },
    "peak_resources": {
        "cpu_percent": 109.6,
        "memory_rss": "213MiB",
        "memory_vms": "345MiB",
        "threads": 2
    },
    "avg_resources": {
        "cpu_percent": 95.73698630136992,
        "memory_rss": "149MiB",
        "memory_vms": "277MiB",
        "threads": 1.9315068493150684
    }
}