{
	"design__instance__displacement__total": 514.432,
	"design__instance__displacement__mean": 0.142,
	"design__instance__displacement__max": 10,
	"route__wirelength__estimated": 55279,
	"design__violations": 0,
	"design__io": 45,
	"design__die__area": 75602.5,
	"design__core__area": 72564.6,
	"design__instance__count": 3436,
	"design__instance__area": 28245.8,
	"design__instance__count__stdcell": 3436,
	"design__instance__area__stdcell": 28245.8,
	"design__instance__count__macros": 0,
	"design__instance__area__macros": 0,
	"design__instance__utilization": 0.389251,
	"design__instance__utilization__stdcell": 0.389251,
	"flow__warnings__count": 33696,
	"flow__errors__count": 0
}