{
    "nl": "/home/runner/work/Verilog-CPU/Verilog-CPU/runs/wokwi/32-openroad-cts/tt_um_CPU_Lemme.nl.v",
    "pnl": "/home/runner/work/Verilog-CPU/Verilog-CPU/runs/wokwi/32-openroad-cts/tt_um_CPU_Lemme.pnl.v",
    "pnl-sdf-friendly": null,
    "pnl-npc": null,
    "def": "/home/runner/work/Verilog-CPU/Verilog-CPU/runs/wokwi/32-openroad-cts/tt_um_CPU_Lemme.def",
    "lef": null,
    "openroad-lef": null,
    "odb": "/home/runner/work/Verilog-CPU/Verilog-CPU/runs/wokwi/32-openroad-cts/tt_um_CPU_Lemme.odb",
    "sdc": "/home/runner/work/Verilog-CPU/Verilog-CPU/runs/wokwi/32-openroad-cts/tt_um_CPU_Lemme.sdc",
    "sdf": {
        "nom_tt_025C_1v80": "/home/runner/work/Verilog-CPU/Verilog-CPU/runs/wokwi/11-openroad-staprepnr/nom_tt_025C_1v80/tt_um_CPU_Lemme__nom_tt_025C_1v80.sdf",
        "nom_ss_100C_1v60": "/home/runner/work/Verilog-CPU/Verilog-CPU/runs/wokwi/11-openroad-staprepnr/nom_ss_100C_1v60/tt_um_CPU_Lemme__nom_ss_100C_1v60.sdf",
        "nom_ff_n40C_1v95": "/home/runner/work/Verilog-CPU/Verilog-CPU/runs/wokwi/11-openroad-staprepnr/nom_ff_n40C_1v95/tt_um_CPU_Lemme__nom_ff_n40C_1v95.sdf"
    },
    "spef": null,
    "lib": null,
    "spice": null,
    "mag": null,
    "gds": null,
    "mag_gds": null,
    "klayout_gds": null,
    "json_h": "/home/runner/work/Verilog-CPU/Verilog-CPU/runs/wokwi/05-yosys-jsonheader/tt_um_CPU_Lemme.h.json",
    "vh": "/home/runner/work/Verilog-CPU/Verilog-CPU/runs/wokwi/27-odb-writeverilogheader/tt_um_CPU_Lemme.vh",
    "metrics": {
        "design__lint_error__count": 0,
        "design__lint_timing_construct__count": 0,
        "design__lint_warning__count": 0,
        "design__inferred_latch__count": 0,
        "design__instance__count": 3436,
        "design__instance__area": 28245.8,
        "design__instance_unmapped__count": 0,
        "synthesis__check_error__count": 0,
        "design__max_slew_violation__count__corner:nom_tt_025C_1v80": 942,
        "design__max_fanout_violation__count__corner:nom_tt_025C_1v80": 55,
        "design__max_cap_violation__count__corner:nom_tt_025C_1v80": 1,
        "power__internal__total": 0.000532827,
        "power__switching__total": 0.000205272,
        "power__leakage__total": 1.15778e-08,
        "power__total": 0.00073811,
        "clock__skew__worst_hold__corner:nom_tt_025C_1v80": 0,
        "clock__skew__worst_setup__corner:nom_tt_025C_1v80": 0,
        "timing__hold__ws__corner:nom_tt_025C_1v80": 0.282173,
        "timing__setup__ws__corner:nom_tt_025C_1v80": 71.071,
        "timing__hold__tns__corner:nom_tt_025C_1v80": 0,
        "timing__setup__tns__corner:nom_tt_025C_1v80": 0,
        "timing__hold__wns__corner:nom_tt_025C_1v80": 0,
        "timing__setup__wns__corner:nom_tt_025C_1v80": 0,
        "timing__hold_vio__count__corner:nom_tt_025C_1v80": 0,
        "timing__hold_r2r__ws__corner:nom_tt_025C_1v80": 0.282173,
        "timing__hold_r2r_vio__count__corner:nom_tt_025C_1v80": 0,
        "timing__setup_vio__count__corner:nom_tt_025C_1v80": 0,
        "timing__setup_r2r__ws__corner:nom_tt_025C_1v80": 85.3378,
        "timing__setup_r2r_vio__count__corner:nom_tt_025C_1v80": 0,
        "design__max_slew_violation__count__corner:nom_ss_100C_1v60": 443,
        "design__max_fanout_violation__count__corner:nom_ss_100C_1v60": 54,
        "design__max_cap_violation__count__corner:nom_ss_100C_1v60": 0,
        "clock__skew__worst_hold__corner:nom_ss_100C_1v60": 0.0,
        "clock__skew__worst_setup__corner:nom_ss_100C_1v60": 0.0,
        "timing__hold__ws__corner:nom_ss_100C_1v60": 0.580591,
        "timing__setup__ws__corner:nom_ss_100C_1v60": 70.691757,
        "timing__hold__tns__corner:nom_ss_100C_1v60": 0.0,
        "timing__setup__tns__corner:nom_ss_100C_1v60": 0.0,
        "timing__hold__wns__corner:nom_ss_100C_1v60": 0.0,
        "timing__setup__wns__corner:nom_ss_100C_1v60": 0.0,
        "timing__hold_vio__count__corner:nom_ss_100C_1v60": 0,
        "timing__hold_r2r__ws__corner:nom_ss_100C_1v60": 0.580591,
        "timing__hold_r2r_vio__count__corner:nom_ss_100C_1v60": 0,
        "timing__setup_vio__count__corner:nom_ss_100C_1v60": 0,
        "timing__setup_r2r__ws__corner:nom_ss_100C_1v60": 72.923286,
        "timing__setup_r2r_vio__count__corner:nom_ss_100C_1v60": 0,
        "design__max_slew_violation__count__corner:nom_ff_n40C_1v95": 0,
        "design__max_fanout_violation__count__corner:nom_ff_n40C_1v95": 54,
        "design__max_cap_violation__count__corner:nom_ff_n40C_1v95": 0,
        "clock__skew__worst_hold__corner:nom_ff_n40C_1v95": 0.0,
        "clock__skew__worst_setup__corner:nom_ff_n40C_1v95": 0.0,
        "timing__hold__ws__corner:nom_ff_n40C_1v95": 0.027319,
        "timing__setup__ws__corner:nom_ff_n40C_1v95": 77.037453,
        "timing__hold__tns__corner:nom_ff_n40C_1v95": 0.0,
        "timing__setup__tns__corner:nom_ff_n40C_1v95": 0.0,
        "timing__hold__wns__corner:nom_ff_n40C_1v95": 0.0,
        "timing__setup__wns__corner:nom_ff_n40C_1v95": 0.0,
        "timing__hold_vio__count__corner:nom_ff_n40C_1v95": 0,
        "timing__hold_r2r__ws__corner:nom_ff_n40C_1v95": 0.027319,
        "timing__hold_r2r_vio__count__corner:nom_ff_n40C_1v95": 0,
        "timing__setup_vio__count__corner:nom_ff_n40C_1v95": 0,
        "timing__setup_r2r__ws__corner:nom_ff_n40C_1v95": 91.814308,
        "timing__setup_r2r_vio__count__corner:nom_ff_n40C_1v95": 0,
        "design__max_slew_violation__count": 942,
        "design__max_fanout_violation__count": 55,
        "design__max_cap_violation__count": 1,
        "clock__skew__worst_hold": 0,
        "clock__skew__worst_setup": 0,
        "timing__hold__ws": 0.282173,
        "timing__setup__ws": 71.071,
        "timing__hold__tns": 0,
        "timing__setup__tns": 0,
        "timing__hold__wns": 0,
        "timing__setup__wns": 0,
        "timing__hold_vio__count": 0,
        "timing__hold_r2r__ws": 0.282173,
        "timing__hold_r2r_vio__count": 0,
        "timing__setup_vio__count": 0,
        "timing__setup_r2r__ws": 85.3378,
        "timing__setup_r2r_vio__count": 0,
        "design__die__bbox": "0.0 0.0 334.88 225.76",
        "design__core__bbox": "2.76 2.72 332.12 223.04",
        "flow__warnings__count": 33696,
        "flow__errors__count": 0,
        "design__io": 45,
        "design__die__area": 75602.5,
        "design__core__area": 72564.6,
        "design__instance__count__stdcell": 3436,
        "design__instance__area__stdcell": 28245.8,
        "design__instance__count__macros": 0,
        "design__instance__area__macros": 0,
        "design__instance__utilization": 0.389251,
        "design__instance__utilization__stdcell": 0.389251,
        "design__power_grid_violation__count__net:VGND": 0,
        "design__power_grid_violation__count__net:VPWR": 0,
        "design__power_grid_violation__count": 0,
        "timing__drv__floating__nets": 0,
        "timing__drv__floating__pins": 0,
        "design__instance__displacement__total": 514.432,
        "design__instance__displacement__mean": 0.142,
        "design__instance__displacement__max": 10,
        "route__wirelength__estimated": 55279,
        "design__violations": 0
    }
}