{
    "time": {
        "cpu_time_user": "00:00:00.580",
        "cpu_time_system": "00:00:00.060",
        "runtime": "00:00:00.703",
        "cpu_time_iowait": "00:00:00.000"
    },
    "peak_resources": {
        "cpu_percent": 109.5,
        "memory_rss": "141MiB",
        "memory_vms": "277MiB",
        "threads": 2
    },
    "avg_resources": {
        "cpu_percent": 70.8111111111111,
        "memory_rss": "77MiB",
        "memory_vms": "177MiB",
        "threads": 1.5555555555555556
    }
}