{
    "nl": "/home/runner/work/Verilog-CPU/Verilog-CPU/runs/wokwi/41-openroad-detailedrouting/tt_um_CPU_Lemme.nl.v",
    "pnl": "/home/runner/work/Verilog-CPU/Verilog-CPU/runs/wokwi/41-openroad-detailedrouting/tt_um_CPU_Lemme.pnl.v",
    "pnl-sdf-friendly": null,
    "pnl-npc": null,
    "def": "/home/runner/work/Verilog-CPU/Verilog-CPU/runs/wokwi/41-openroad-detailedrouting/tt_um_CPU_Lemme.def",
    "lef": null,
    "openroad-lef": null,
    "odb": "/home/runner/work/Verilog-CPU/Verilog-CPU/runs/wokwi/41-openroad-detailedrouting/tt_um_CPU_Lemme.odb",
    "sdc": "/home/runner/work/Verilog-CPU/Verilog-CPU/runs/wokwi/41-openroad-detailedrouting/tt_um_CPU_Lemme.sdc",
    "sdf": {
        "nom_tt_025C_1v80": "/home/runner/work/Verilog-CPU/Verilog-CPU/runs/wokwi/11-openroad-staprepnr/nom_tt_025C_1v80/tt_um_CPU_Lemme__nom_tt_025C_1v80.sdf",
        "nom_ss_100C_1v60": "/home/runner/work/Verilog-CPU/Verilog-CPU/runs/wokwi/11-openroad-staprepnr/nom_ss_100C_1v60/tt_um_CPU_Lemme__nom_ss_100C_1v60.sdf",
        "nom_ff_n40C_1v95": "/home/runner/work/Verilog-CPU/Verilog-CPU/runs/wokwi/11-openroad-staprepnr/nom_ff_n40C_1v95/tt_um_CPU_Lemme__nom_ff_n40C_1v95.sdf"
    },
    "spef": null,
    "lib": null,
    "spice": null,
    "mag": null,
    "gds": null,
    "mag_gds": null,
    "klayout_gds": null,
    "json_h": "/home/runner/work/Verilog-CPU/Verilog-CPU/runs/wokwi/05-yosys-jsonheader/tt_um_CPU_Lemme.h.json",
    "vh": "/home/runner/work/Verilog-CPU/Verilog-CPU/runs/wokwi/27-odb-writeverilogheader/tt_um_CPU_Lemme.vh",
    "metrics": {
        "design__lint_error__count": 0,
        "design__lint_timing_construct__count": 0,
        "design__lint_warning__count": 0,
        "design__inferred_latch__count": 0,
        "design__instance__count": 3988,
        "design__instance__area": 33771.1,
        "design__instance_unmapped__count": 0,
        "synthesis__check_error__count": 0,
        "design__max_slew_violation__count__corner:nom_tt_025C_1v80": 0,
        "design__max_fanout_violation__count__corner:nom_tt_025C_1v80": 26,
        "design__max_cap_violation__count__corner:nom_tt_025C_1v80": 0,
        "power__internal__total": 0.000516992,
        "power__switching__total": 0.000254966,
        "power__leakage__total": 1.60199e-08,
        "power__total": 0.000771975,
        "clock__skew__worst_hold__corner:nom_tt_025C_1v80": -0.043893,
        "clock__skew__worst_setup__corner:nom_tt_025C_1v80": -0.043893,
        "timing__hold__ws__corner:nom_tt_025C_1v80": 0.250842,
        "timing__setup__ws__corner:nom_tt_025C_1v80": 74.6356,
        "timing__hold__tns__corner:nom_tt_025C_1v80": 0,
        "timing__setup__tns__corner:nom_tt_025C_1v80": 0,
        "timing__hold__wns__corner:nom_tt_025C_1v80": 0,
        "timing__setup__wns__corner:nom_tt_025C_1v80": 0,
        "timing__hold_vio__count__corner:nom_tt_025C_1v80": 0,
        "timing__hold_r2r__ws__corner:nom_tt_025C_1v80": 0.250842,
        "timing__hold_r2r_vio__count__corner:nom_tt_025C_1v80": 0,
        "timing__setup_vio__count__corner:nom_tt_025C_1v80": 0,
        "timing__setup_r2r__ws__corner:nom_tt_025C_1v80": 86.3401,
        "timing__setup_r2r_vio__count__corner:nom_tt_025C_1v80": 0,
        "design__max_slew_violation__count__corner:nom_ss_100C_1v60": 443,
        "design__max_fanout_violation__count__corner:nom_ss_100C_1v60": 54,
        "design__max_cap_violation__count__corner:nom_ss_100C_1v60": 0,
        "clock__skew__worst_hold__corner:nom_ss_100C_1v60": 0.0,
        "clock__skew__worst_setup__corner:nom_ss_100C_1v60": 0.0,
        "timing__hold__ws__corner:nom_ss_100C_1v60": 0.580591,
        "timing__setup__ws__corner:nom_ss_100C_1v60": 70.691757,
        "timing__hold__tns__corner:nom_ss_100C_1v60": 0.0,
        "timing__setup__tns__corner:nom_ss_100C_1v60": 0.0,
        "timing__hold__wns__corner:nom_ss_100C_1v60": 0.0,
        "timing__setup__wns__corner:nom_ss_100C_1v60": 0.0,
        "timing__hold_vio__count__corner:nom_ss_100C_1v60": 0,
        "timing__hold_r2r__ws__corner:nom_ss_100C_1v60": 0.580591,
        "timing__hold_r2r_vio__count__corner:nom_ss_100C_1v60": 0,
        "timing__setup_vio__count__corner:nom_ss_100C_1v60": 0,
        "timing__setup_r2r__ws__corner:nom_ss_100C_1v60": 72.923286,
        "timing__setup_r2r_vio__count__corner:nom_ss_100C_1v60": 0,
        "design__max_slew_violation__count__corner:nom_ff_n40C_1v95": 0,
        "design__max_fanout_violation__count__corner:nom_ff_n40C_1v95": 54,
        "design__max_cap_violation__count__corner:nom_ff_n40C_1v95": 0,
        "clock__skew__worst_hold__corner:nom_ff_n40C_1v95": 0.0,
        "clock__skew__worst_setup__corner:nom_ff_n40C_1v95": 0.0,
        "timing__hold__ws__corner:nom_ff_n40C_1v95": 0.027319,
        "timing__setup__ws__corner:nom_ff_n40C_1v95": 77.037453,
        "timing__hold__tns__corner:nom_ff_n40C_1v95": 0.0,
        "timing__setup__tns__corner:nom_ff_n40C_1v95": 0.0,
        "timing__hold__wns__corner:nom_ff_n40C_1v95": 0.0,
        "timing__setup__wns__corner:nom_ff_n40C_1v95": 0.0,
        "timing__hold_vio__count__corner:nom_ff_n40C_1v95": 0,
        "timing__hold_r2r__ws__corner:nom_ff_n40C_1v95": 0.027319,
        "timing__hold_r2r_vio__count__corner:nom_ff_n40C_1v95": 0,
        "timing__setup_vio__count__corner:nom_ff_n40C_1v95": 0,
        "timing__setup_r2r__ws__corner:nom_ff_n40C_1v95": 91.814308,
        "timing__setup_r2r_vio__count__corner:nom_ff_n40C_1v95": 0,
        "design__max_slew_violation__count": 0,
        "design__max_fanout_violation__count": 26,
        "design__max_cap_violation__count": 0,
        "clock__skew__worst_hold": -0.043893,
        "clock__skew__worst_setup": -0.043893,
        "timing__hold__ws": 0.250842,
        "timing__setup__ws": 74.6356,
        "timing__hold__tns": 0,
        "timing__setup__tns": 0,
        "timing__hold__wns": 0,
        "timing__setup__wns": 0,
        "timing__hold_vio__count": 0,
        "timing__hold_r2r__ws": 0.250842,
        "timing__hold_r2r_vio__count": 0,
        "timing__setup_vio__count": 0,
        "timing__setup_r2r__ws": 86.3401,
        "timing__setup_r2r_vio__count": 0,
        "design__die__bbox": "0.0 0.0 334.88 225.76",
        "design__core__bbox": "2.76 2.72 332.12 223.04",
        "flow__warnings__count": 0,
        "flow__errors__count": 0,
        "design__io": 45,
        "design__die__area": 75602.5,
        "design__core__area": 72564.6,
        "design__instance__count__stdcell": 3988,
        "design__instance__area__stdcell": 33771.1,
        "design__instance__count__macros": 0,
        "design__instance__area__macros": 0,
        "design__instance__utilization": 0.465394,
        "design__instance__utilization__stdcell": 0.465394,
        "design__power_grid_violation__count__net:VGND": 0,
        "design__power_grid_violation__count__net:VPWR": 0,
        "design__power_grid_violation__count": 0,
        "timing__drv__floating__nets": 0,
        "timing__drv__floating__pins": 0,
        "design__instance__displacement__total": 0,
        "design__instance__displacement__mean": 0,
        "design__instance__displacement__max": 0,
        "route__wirelength__estimated": 87500.4,
        "design__violations": 0,
        "design__instance__count__setup_buffer": 0,
        "design__instance__count__hold_buffer": 552,
        "antenna__violating__nets": 13,
        "antenna__violating__pins": 14,
        "route__antenna_violation__count": 13,
        "route__net": 2970,
        "route__net__special": 2,
        "route__drc_errors__iter:1": 4005,
        "route__wirelength__iter:1": 108294,
        "route__drc_errors__iter:2": 1510,
        "route__wirelength__iter:2": 106126,
        "route__drc_errors__iter:3": 1511,
        "route__wirelength__iter:3": 105780,
        "route__drc_errors__iter:4": 229,
        "route__wirelength__iter:4": 105727,
        "route__drc_errors__iter:5": 33,
        "route__wirelength__iter:5": 105718,
        "route__drc_errors__iter:6": 0,
        "route__wirelength__iter:6": 105726,
        "route__drc_errors": 0,
        "route__wirelength": 105726,
        "route__vias": 23417,
        "route__vias__singlecut": 23417,
        "route__vias__multicut": 0
    }
}