{
    "time": {
        "cpu_time_user": "00:00:02.480",
        "cpu_time_system": "00:00:00.600",
        "runtime": "00:00:03.218",
        "cpu_time_iowait": "00:00:00.000"
    },
    "peak_resources": {
        "cpu_percent": 109.5,
        "memory_rss": "146MiB",
        "memory_vms": "167MiB",
        "threads": 2
    },
    "avg_resources": {
        "cpu_percent": 90.09117647058824,
        "memory_rss": "94MiB",
        "memory_vms": "108MiB",
        "threads": 1.5294117647058822
    }
}