{
    "time": {
        "cpu_time_user": "00:00:01.500",
        "cpu_time_system": "00:00:00.100",
        "runtime": "00:00:01.919",
        "cpu_time_iowait": "00:00:00.000"
    },
    "peak_resources": {
        "cpu_percent": 109.6,
        "memory_rss": "34MiB",
        "memory_vms": "37MiB",
        "threads": 1
    },
    "avg_resources": {
        "cpu_percent": 75.62380952380951,
        "memory_rss": "25MiB",
        "memory_vms": "29MiB",
        "threads": 0.9523809523809523
    }
}