{
    "time": {
        "cpu_time_user": "00:00:01.449",
        "cpu_time_system": "00:00:00.180",
        "runtime": "00:00:01.708",
        "cpu_time_iowait": "00:00:00.000"
    },
    "peak_resources": {
        "cpu_percent": 109.5,
        "memory_rss": "128MiB",
        "memory_vms": "265MiB",
        "threads": 2
    },
    "avg_resources": {
        "cpu_percent": 85.38421052631577,
        "memory_rss": "101MiB",
        "memory_vms": "221MiB",
        "threads": 1.7894736842105263
    }
}