{
	"design__max_slew_violation__count__corner:nom_tt_025C_1v80": 0,
	"design__max_fanout_violation__count__corner:nom_tt_025C_1v80": 25,
	"design__max_cap_violation__count__corner:nom_tt_025C_1v80": 0,
	"power__internal__total": 0.00047045,
	"power__switching__total": 0.000211344,
	"power__leakage__total": 1.2721e-08,
	"power__total": 0.000681806,
	"clock__skew__worst_hold__corner:nom_tt_025C_1v80": 0.027512,
	"clock__skew__worst_setup__corner:nom_tt_025C_1v80": 0.027512,
	"timing__hold__ws__corner:nom_tt_025C_1v80": 0.17416,
	"timing__setup__ws__corner:nom_tt_025C_1v80": 74.5951,
	"timing__hold__tns__corner:nom_tt_025C_1v80": 0,
	"timing__setup__tns__corner:nom_tt_025C_1v80": 0,
	"timing__hold__wns__corner:nom_tt_025C_1v80": 0,
	"timing__setup__wns__corner:nom_tt_025C_1v80": 0,
	"timing__hold_vio__count__corner:nom_tt_025C_1v80": 0,
	"timing__hold_r2r__ws__corner:nom_tt_025C_1v80": 0.17416,
	"timing__hold_r2r_vio__count__corner:nom_tt_025C_1v80": 0,
	"timing__setup_vio__count__corner:nom_tt_025C_1v80": 0,
	"timing__setup_r2r__ws__corner:nom_tt_025C_1v80": 86.6737,
	"timing__setup_r2r_vio__count__corner:nom_tt_025C_1v80": 0,
	"flow__warnings__count": 0,
	"flow__errors__count": 0
}