{
    "time": {
        "cpu_time_user": "00:00:00.380",
        "cpu_time_system": "00:00:00.060",
        "runtime": "00:00:00.502",
        "cpu_time_iowait": "00:00:00.000"
    },
    "peak_resources": {
        "cpu_percent": 99.6,
        "memory_rss": "131MiB",
        "memory_vms": "259MiB",
        "threads": 2
    },
    "avg_resources": {
        "cpu_percent": 62.57142857142858,
        "memory_rss": "65MiB",
        "memory_vms": "153MiB",
        "threads": 1.4285714285714286
    }
}